-- phpMyAdmin SQL Dump
-- version 5.2.1
-- https://www.phpmyadmin.net/
--
-- Host: localhost:3306
-- Generation Time: Jun 07, 2024 at 08:39 AM
-- Server version: 10.6.17-MariaDB-cll-lve
-- PHP Version: 8.1.16

SET SQL_MODE = "NO_AUTO_VALUE_ON_ZERO";
START TRANSACTION;
SET time_zone = "+00:00";


/*!40101 SET @OLD_CHARACTER_SET_CLIENT=@@CHARACTER_SET_CLIENT */;
/*!40101 SET @OLD_CHARACTER_SET_RESULTS=@@CHARACTER_SET_RESULTS */;
/*!40101 SET @OLD_COLLATION_CONNECTION=@@COLLATION_CONNECTION */;
/*!40101 SET NAMES utf8mb4 */;

--
-- Database: `otofa`
--

-- --------------------------------------------------------

--
-- Table structure for table `appointments`
--

CREATE TABLE `appointments` (
  `appointment_id` int(11) NOT NULL,
  `user_id` int(11) DEFAULT NULL,
  `name` varchar(100) NOT NULL,
  `phone_number` varchar(20) NOT NULL,
  `email` varchar(100) DEFAULT NULL,
  `appointment_type` varchar(50) NOT NULL,
  `transfer_type` varchar(50) NOT NULL DEFAULT 'None',
  `appointment_date` date NOT NULL,
  `appointment_time` time NOT NULL,
  `status` varchar(20) DEFAULT 'pending',
  `comments` text DEFAULT NULL,
  `date_created` timestamp NOT NULL DEFAULT current_timestamp()
) ENGINE=InnoDB DEFAULT CHARSET=utf8mb4 COLLATE=utf8mb4_general_ci;

--
-- Dumping data for table `appointments`
--

INSERT INTO `appointments` (`appointment_id`, `user_id`, `name`, `phone_number`, `email`, `appointment_type`, `transfer_type`, `appointment_date`, `appointment_time`, `status`, `comments`, `date_created`) VALUES
(1, 2, 'Operator Operator', '+639123456789', 'operator@gmail.com', 'New Franchise', 'None', '2023-12-22', '08:25:00', 'Completed', '', '2023-12-20 02:27:30'),
(2, 2, 'Operator Operator', '+639123456789', 'limpangogannarose@gmail.com', 'Renewal of Franchise', 'None', '2023-12-29', '10:00:00', 'Completed', '', '2023-12-20 02:56:07'),
(4, 2, 'Operator Operator', '+639123456789', 'limpangogannarose@gmail.com', 'Change of Motorcycle', 'None', '2023-12-27', '10:00:00', 'Completed', '', '2023-12-20 03:58:10'),
(5, 2, 'Operator Operator', '+639123456789', 'limpangogannarose@gmail.com', 'New Franchise', 'None', '2023-12-28', '10:49:00', 'Completed', '', '2023-12-20 07:49:14'),
(6, 2, 'Operator Operator', '+639123456789', 'limpangogannarose@gmail.com', 'Renewal of Franchise', 'None', '2023-12-26', '09:00:00', 'Completed', '', '2023-12-20 07:56:05'),
(14, 2, 'Operator Operator', '+639123456789', 'operator@gmail.com', 'Transfer of Ownership', 'None', '2023-12-29', '10:00:00', 'Completed', '', '2023-12-20 14:39:27'),
(15, 2, 'Operator Operator', '+639123456789', 'operator@gmail.com', 'Transfer of Ownership', 'Intent of Transfer', '2023-12-29', '09:18:00', 'Completed', '', '2023-12-20 15:20:57'),
(16, 2, 'Operator Operator', '+639513662322', 'operator@gmail.com', 'Transfer of Ownership', 'Transfer of Ownership from Deceased Owner', '2023-01-27', '10:00:00', 'Completed', '', '2023-12-21 00:14:35'),
(17, 13, 'Anna Rose Miller', '+639123454322', 'limpangogannarose@gmail.com', 'New Franchise', 'None', '2024-01-16', '14:46:00', 'Completed', '', '2024-01-05 04:47:48'),
(18, 13, 'Anna Rose Miller', '+639123454322', 'limpangogannarose@gmail.com', 'New Franchise', 'None', '2024-01-17', '15:01:00', 'Completed', '', '2024-01-05 05:03:03'),
(19, 2, 'Operator Operator', '+639513662322', 'annalimpangog@gmail.com', 'New Franchise', 'None', '2024-01-11', '08:00:00', 'Completed', '', '2024-01-10 11:57:10'),
(20, 2, 'Operator Operator', '+639513662322', 'annalimpangog@gmail.com', 'Renewal of Franchise', 'None', '2024-01-15', '08:00:00', 'Completed', '', '2024-01-10 12:20:23'),
(21, 2, 'Operator Operator', '+639513662322', 'annalimpangog@gmail.com', 'New Franchise', 'None', '2024-01-29', '08:00:00', 'Completed', '', '2024-01-22 04:42:46'),
(22, 15, 'Lune Stelle', '+639123454322', 'lune@gmail.com', 'New Franchise', 'None', '2024-01-31', '08:00:00', 'Completed', '', '2024-01-22 10:58:11'),
(23, 2, 'Operator Operator', '+639513662322', 'annalimpangog@gmail.com', 'New Franchise', 'None', '2024-02-14', '08:00:00', 'Completed', '', '2024-01-29 10:02:09'),
(24, 18, 'Shaina Mendoza', '+639631197271', 'shainamendoza0714@gmail.com', 'New Franchise', 'None', '2024-02-07', '14:05:00', 'Completed', '', '2024-01-30 06:07:00'),
(25, 18, 'Shaina Mendoza', '+639631197271', 'shainamendoza0714@gmail.com', 'New Franchise', 'None', '2024-01-31', '15:16:00', 'Completed', '', '2024-01-30 06:18:02'),
(26, 2, 'Operator Operator', '+639624620724', 'annalimpangog@gmail.com', 'Transfer of Ownership', 'Intent of Transfer', '2024-02-13', '08:00:00', 'Completed', NULL, '2024-02-01 18:27:02'),
(32, 2, 'Operator Operator', '+639946877490', 'annalimpangog@gmail.com', 'New Franchise', 'None', '2024-05-30', '09:00:00', 'Cancelled', '', '2024-05-24 03:18:50'),
(34, 2, 'Operator Operator', '+639946877490', 'annalimpangog@gmail.com', 'New Franchise', 'None', '2024-05-31', '08:00:00', 'Completed', '', '2024-05-25 23:39:37'),
(35, 2, 'Operator Operator', '+639946877490', 'annalimpangog@gmail.com', 'Change of Motorcycle', 'None', '2024-06-06', '13:00:00', 'Declined', 'This is a sample declined!', '2024-05-26 09:14:35'),
(39, 25, 'John Doe', '+639123654987', 'guest@gmail.com', 'New Franchise', 'None', '2024-06-14', '08:10:00', 'Pending', NULL, '2024-06-07 09:14:34');

-- --------------------------------------------------------

--
-- Table structure for table `drivers`
--

CREATE TABLE `drivers` (
  `driver_id` int(11) NOT NULL,
  `user_id` int(11) DEFAULT NULL,
  `tricycle_cin_number_id` int(11) DEFAULT NULL,
  `first_name` varchar(255) NOT NULL,
  `middle_name` varchar(50) DEFAULT NULL,
  `last_name` varchar(50) DEFAULT NULL,
  `birth_date` date NOT NULL,
  `address` varchar(255) NOT NULL,
  `phone_no` varchar(20) NOT NULL,
  `license_no` varchar(50) NOT NULL,
  `license_expiry_date` date DEFAULT NULL,
  `last_notification_date` date DEFAULT NULL
) ENGINE=InnoDB DEFAULT CHARSET=utf8mb4 COLLATE=utf8mb4_general_ci;

--
-- Dumping data for table `drivers`
--

INSERT INTO `drivers` (`driver_id`, `user_id`, `tricycle_cin_number_id`, `first_name`, `middle_name`, `last_name`, `birth_date`, `address`, `phone_no`, `license_no`, `license_expiry_date`, `last_notification_date`) VALUES
(2, 2, 3, 'Lando', 'Lee', 'Bueno', '1995-06-06', 'Barangay Alegria Village, Ormoc City', '+639631197271', '54698', '2029-01-10', NULL),
(8, 15, 5, 'Atilrus', 'Jace', 'Lanius', '1988-10-22', 'Alegria', '+639123456789', '1234', '2029-01-10', NULL),
(11, 18, 6, 'Ling', 'Toon', 'Moontoon', '2002-02-28', 'Barangay Alegria Village, Ormoc City', '+639631197271', '8687', '2024-02-09', '2024-05-28'),
(12, 2, 2, 'Marky', 'Ping', 'Zamora', '1988-03-12', 'Barangay Tambulilid, Block 3 Rafi Lot 27', '+639123456783', '123', '2026-06-06', NULL),
(13, 18, 1, 'Roland', 'Yi', 'Bing', '1988-03-29', 'Barangay Tambulilid, Block 3 Rafi Lot 27', '+639123456789', '123', '2024-05-11', NULL),
(14, 18, 1, 'Mark', 'Meta', 'Zuckerberg', '1995-04-12', 'Alegria, Ormoc City', '+639345753453', '234', '2028-05-28', NULL),
(15, 18, 1, 'Cyriel', 'Reid', 'Miller', '1989-04-12', 'Ormoc City', '+639835274321', '123', '2030-01-12', NULL);

-- --------------------------------------------------------

--
-- Table structure for table `driver_statuses`
--

CREATE TABLE `driver_statuses` (
  `driver_statuses_id` int(11) NOT NULL,
  `driver_id` int(11) DEFAULT NULL,
  `status` varchar(255) DEFAULT NULL,
  `created_at` timestamp NOT NULL DEFAULT current_timestamp()
) ENGINE=InnoDB DEFAULT CHARSET=utf8mb4 COLLATE=utf8mb4_general_ci;

--
-- Dumping data for table `driver_statuses`
--

INSERT INTO `driver_statuses` (`driver_statuses_id`, `driver_id`, `status`, `created_at`) VALUES
(3, 2, 'Active', '2024-01-27 17:55:35'),
(27, 8, 'Active', '2024-01-28 11:53:12'),
(35, 11, 'Active', '2024-01-30 08:15:04'),
(40, 14, 'Inactive', '2024-01-30 10:24:11'),
(42, 13, 'Inactive', '2024-01-30 10:47:11'),
(43, 15, 'Active', '2024-01-30 10:48:07'),
(46, 12, 'Active', '2024-01-30 20:01:37'),
(47, 11, 'Driver License Expired', '2024-05-28 15:00:19');

-- --------------------------------------------------------

--
-- Table structure for table `inquiry`
--

CREATE TABLE `inquiry` (
  `id` int(11) NOT NULL,
  `full_name` varchar(255) NOT NULL,
  `email_or_phone` varchar(255) NOT NULL,
  `message` text NOT NULL,
  `message_status` varchar(50) DEFAULT 'Unread',
  `response` text DEFAULT NULL,
  `response_status` varchar(50) DEFAULT 'Not Responded',
  `created_at` timestamp NOT NULL DEFAULT current_timestamp(),
  `updated_at` timestamp NOT NULL DEFAULT current_timestamp() ON UPDATE current_timestamp()
) ENGINE=InnoDB DEFAULT CHARSET=utf8mb4 COLLATE=utf8mb4_general_ci;

--
-- Dumping data for table `inquiry`
--

INSERT INTO `inquiry` (`id`, `full_name`, `email_or_phone`, `message`, `message_status`, `response`, `response_status`, `created_at`, `updated_at`) VALUES
(1, 'Jiwoo Seo', '+639513662322', 'What is Lorem Ipsum? Lorem Ipsum is simply dummy text of the printing and typesetting industry. Lorem Ipsum has been the industry\'s standard dummy text ever since the 1500s, when an unknown printer took a galley of type and scrambled it to make a type specimen book.', 'Read', 'We understand that you are inquiring about the appointment process. Here are the key points in response to your inquiry:\r\n\r\n1. [Detail 1]: [Provide detailed information about the first point.]\r\n2. [Detail 2]: [Provide detailed information about the second point.]\r\n3. [Detail 3]: [Provide detailed information about the third point.]\r\n', 'Responded', '2024-01-19 19:01:26', '2024-01-22 08:11:37'),
(2, 'Shaina Mendoza', 'annalimpangog@gmail.com', 'Lorem ipsum dolor sit amet, consectetur adipiscing elit, sed do eiusmod tempor incididunt ut labore et dolore magna aliqua. Lorem ipsum dolor sit amet consectetur adipiscing. Quis auctor elit sed vulputate mi sit amet mauris commodo. Bibendum arcu vitae elementum curabitur. Consectetur adipiscing elit pellentesque habitant morbi tristique. Non odio euismod lacinia at quis risus sed vulputate odio. Aliquam etiam erat velit scelerisque in. Non quam lacus suspendisse faucibus. Sagittis id consectetur purus ut faucibus pulvinar elementum integer enim. Odio euismod lacinia at quis risus. Egestas sed sed risus pretium quam vulputate. Natoque penatibus et magnis dis.', 'Unread', NULL, 'Not Responded', '2024-01-21 14:10:22', '2024-01-22 08:11:20'),
(3, 'Shaina Mendoza', 'shainamendoza0714@gmail.com', 'Hello, I have a testing question! Hello, I have a testing question! Hello, I have a testing question! ', 'Unread', 'Hi, Thank you for reaching us. Hi, Thank you for reaching us.Hi, Thank you for reaching us.Hi, Thank you for reaching us.Hi, Thank you for reaching us.', 'responded', '2024-01-30 08:43:53', '2024-01-30 08:44:34');

-- --------------------------------------------------------

--
-- Table structure for table `maintenance_logs`
--

CREATE TABLE `maintenance_logs` (
  `maintenance_log_id` int(11) NOT NULL,
  `user_id` int(11) NOT NULL,
  `tricycle_cin_number_id` int(11) NOT NULL,
  `driver_id` int(11) NOT NULL,
  `expense_date` date NOT NULL,
  `total_expenses` decimal(10,2) NOT NULL,
  `description` varchar(255) NOT NULL,
  `expenses_receipt_image_path` varchar(255) DEFAULT NULL,
  `created_at` timestamp NOT NULL DEFAULT current_timestamp()
) ENGINE=InnoDB DEFAULT CHARSET=utf8mb4 COLLATE=utf8mb4_general_ci;

--
-- Dumping data for table `maintenance_logs`
--

INSERT INTO `maintenance_logs` (`maintenance_log_id`, `user_id`, `tricycle_cin_number_id`, `driver_id`, `expense_date`, `total_expenses`, `description`, `expenses_receipt_image_path`, `created_at`) VALUES
(4, 2, 3, 2, '2023-11-10', 230.00, 'Brake Change', 'public/uploads/maintenance_logs_receipts/65960bd2972ccreceipt.jpg', '2024-01-04 01:37:22'),
(5, 2, 3, 2, '2024-01-04', 1200.00, 'New Tires', 'public/uploads/maintenance_logs_receipts/65978bc652938IMG20231016175610.jpg', '2024-01-05 04:55:34'),
(6, 2, 3, 2, '2024-01-01', 4500.00, 'New Paint and Change Oil', 'public/uploads/maintenance_logs_receipts/65978f7416ec8IMG20231016175610.jpg', '2024-01-05 05:11:16'),
(9, 2, 2, 12, '2024-01-25', 145.00, 'Brake Changes', 'public/uploads/maintenance_logs_receipts/receipt.jpg', '2024-01-22 04:34:16'),
(10, 15, 5, 4, '2024-01-15', 120.00, 'Paint', 'public/uploads/maintenance_logs_receipts/65ae61dc3dc85receipt.jpg', '2024-01-22 12:38:52'),
(11, 15, 5, 4, '2024-01-11', 130.00, 'Change Oil', 'public/uploads/maintenance_logs_receipts/65ae6521a867freceipt.jpg', '2024-01-22 12:52:49'),
(12, 18, 1, 1, '2024-01-30', 3500.00, 'New Paint', 'public/uploads/maintenance_logs_receipts/65b8b030e9afalogo-email.png', '2024-01-30 08:15:44'),
(13, 18, 6, 11, '2024-01-17', 1000.00, 'Side Mirror', 'public/uploads/maintenance_logs_receipts/65b8b049514bflogo-email.png', '2024-01-30 08:16:09'),
(14, 18, 1, 1, '2023-07-05', 3000.00, 'New tires', 'public/uploads/maintenance_logs_receipts/IMG20231016175610.jpg', '2024-01-30 08:19:23');

-- --------------------------------------------------------

--
-- Table structure for table `mtop_requirements`
--

CREATE TABLE `mtop_requirements` (
  `mtop_requirement_id` int(11) NOT NULL,
  `appointment_id` int(11) DEFAULT NULL,
  `tricycle_application_id` int(11) DEFAULT NULL,
  `mc_lto_certificate_of_registration_path` varchar(255) DEFAULT NULL,
  `mc_lto_official_receipt_path` varchar(255) DEFAULT NULL,
  `mc_plate_authorization_path` varchar(255) DEFAULT NULL,
  `tc_insurance_policy_path` varchar(255) DEFAULT NULL,
  `unit_front_view_image_path` varchar(255) DEFAULT NULL,
  `unit_side_view_image_path` varchar(255) DEFAULT NULL,
  `sketch_location_of_garage_path` varchar(255) DEFAULT NULL,
  `affidavit_of_income_tax_return_path` varchar(255) DEFAULT NULL,
  `driver_cert_safety_driving_seminar_path` varchar(255) DEFAULT NULL,
  `proof_of_id_path` varchar(255) DEFAULT NULL,
  `tc_lto_certificate_of_registration_path` varchar(255) DEFAULT NULL,
  `tc_lto_official_receipt_path` varchar(255) DEFAULT NULL,
  `tc_plate_authorization_path` varchar(255) DEFAULT NULL,
  `tc_renewed_insurance_policy_path` varchar(255) DEFAULT NULL,
  `latest_franchise_path` varchar(255) DEFAULT NULL,
  `death_certificate_path` varchar(255) DEFAULT NULL,
  `agreement_amongst_heirs_path` varchar(255) DEFAULT NULL,
  `deed_of_donation_or_deed_of_sale_path` varchar(255) DEFAULT NULL,
  `or_of_return_plate_path` varchar(255) DEFAULT NULL
) ENGINE=InnoDB DEFAULT CHARSET=utf8mb4 COLLATE=utf8mb4_general_ci;

--
-- Dumping data for table `mtop_requirements`
--

INSERT INTO `mtop_requirements` (`mtop_requirement_id`, `appointment_id`, `tricycle_application_id`, `mc_lto_certificate_of_registration_path`, `mc_lto_official_receipt_path`, `mc_plate_authorization_path`, `tc_insurance_policy_path`, `unit_front_view_image_path`, `unit_side_view_image_path`, `sketch_location_of_garage_path`, `affidavit_of_income_tax_return_path`, `driver_cert_safety_driving_seminar_path`, `proof_of_id_path`, `tc_lto_certificate_of_registration_path`, `tc_lto_official_receipt_path`, `tc_plate_authorization_path`, `tc_renewed_insurance_policy_path`, `latest_franchise_path`, `death_certificate_path`, `agreement_amongst_heirs_path`, `deed_of_donation_or_deed_of_sale_path`, `or_of_return_plate_path`) VALUES
(1, 1, 1, 'public/uploads/mtop_requirements_images/658251126a074_mc_lto_certificate_of_registration.jpg', 'public/uploads/mtop_requirements_images/658251126a074_mc_lto_official_receipt.jpg', 'public/uploads/mtop_requirements_images/658251126a074_mc_plate_authorization.jpg', 'public/uploads/mtop_requirements_images/658251126a074_tc_insurance_policy.jpg', 'public/uploads/mtop_requirements_images/658251126a074_unit_front_view_image.png', 'public/uploads/mtop_requirements_images/658251126a074_unit_side_view_image.png', 'public/uploads/mtop_requirements_images/658251126a074_sketch_location_of_garage.jpg', 'public/uploads/mtop_requirements_images/658251126a074_affidavit_of_income_tax_return.png', 'public/uploads/mtop_requirements_images/658251126a074_driver_cert_safety_driving_seminar.jpg', 'public/uploads/mtop_requirements_images/658251126a074_proof_of_id.jpg', NULL, NULL, NULL, NULL, NULL, NULL, NULL, NULL, NULL),
(2, 2, 2, NULL, NULL, NULL, NULL, NULL, NULL, NULL, NULL, NULL, NULL, 'public/uploads/mtop_requirements_images/658257c73ac02_tc_lto_certificate_of_registration.jpg', 'public/uploads/mtop_requirements_images/658257c73ac02_tc_lto_official_receipt.jpg', 'public/uploads/mtop_requirements_images/658257c73ac02_tc_plate_authorization.jpg', 'public/uploads/mtop_requirements_images/658257c73ac02_tc_renewed_insurance_policy.jpg', 'public/uploads/mtop_requirements_images/658257c73ac02_latest_franchise.png', NULL, NULL, NULL, NULL),
(3, 4, 4, 'public/uploads/mtop_requirements_images/65826652369ee_mc_lto_certificate_of_registration.jpg', 'public/uploads/mtop_requirements_images/65826652369ee_mc_lto_official_receipt.jpg', 'public/uploads/mtop_requirements_images/65826652369ee_mc_plate_authorization.jpg', 'public/uploads/mtop_requirements_images/65826652369ee_tc_insurance_policy.jpg', 'public/uploads/mtop_requirements_images/65826652369ee_unit_front_view_image.png', 'public/uploads/mtop_requirements_images/65826652369ee_unit_side_view_image.png', NULL, NULL, NULL, NULL, 'public/uploads/mtop_requirements_images/65826652369ee_tc_lto_certificate_of_registration.jpg', 'public/uploads/mtop_requirements_images/65826652369ee_tc_lto_official_receipt.jpg', NULL, NULL, 'public/uploads/mtop_requirements_images/65826652369ee_latest_franchise.png', NULL, NULL, NULL, 'public/uploads/mtop_requirements_images/65826652369ee_or_of_return_plate.jpg'),
(4, 5, 5, 'public/uploads/mtop_requirements_images/65829c7a6426e_mc_lto_certificate_of_registration.jpg', 'public/uploads/mtop_requirements_images/65829c7a6426e_mc_lto_official_receipt.jpg', 'public/uploads/mtop_requirements_images/65829c7a6426e_mc_plate_authorization.jpg', 'public/uploads/mtop_requirements_images/65829c7a6426e_tc_insurance_policy.jpg', 'public/uploads/mtop_requirements_images/65829c7a6426e_unit_front_view_image.png', 'public/uploads/mtop_requirements_images/65829c7a6426e_unit_side_view_image.png', 'public/uploads/mtop_requirements_images/65829c7a6426e_sketch_location_of_garage.jpg', 'public/uploads/mtop_requirements_images/65829c7a6426e_affidavit_of_income_tax_return.png', 'public/uploads/mtop_requirements_images/65829c7a6426e_driver_cert_safety_driving_seminar.jpg', 'public/uploads/mtop_requirements_images/65829c7a6426e_proof_of_id.jpg', NULL, NULL, NULL, NULL, NULL, NULL, NULL, NULL, NULL),
(5, 6, 6, NULL, NULL, NULL, NULL, NULL, NULL, NULL, NULL, NULL, NULL, 'public/uploads/mtop_requirements_images/65829e15d57e5_tc_lto_certificate_of_registration.jpg', 'public/uploads/mtop_requirements_images/65829e15d57e5_tc_lto_official_receipt.jpg', 'public/uploads/mtop_requirements_images/65829e15d57e5_tc_plate_authorization.jpg', 'public/uploads/mtop_requirements_images/65829e15d57e5_tc_renewed_insurance_policy.jpg', 'public/uploads/mtop_requirements_images/65829e15d57e5_latest_franchise.png', NULL, NULL, NULL, NULL),
(7, 14, 14, 'public/uploads/mtop_requirements_images/6582fc9fa27ec_mc_lto_certificate_of_registration.jpg', 'public/uploads/mtop_requirements_images/6582fc9fa27ec_mc_lto_official_receipt.jpg', 'public/uploads/mtop_requirements_images/6582fc9fa27ec_mc_plate_authorization.jpg', 'public/uploads/mtop_requirements_images/6582fc9fa27ec_tc_insurance_policy.jpg', 'public/uploads/mtop_requirements_images/6582fc9fa27ec_unit_front_view_image.png', 'public/uploads/mtop_requirements_images/6582fc9fa27ec_unit_side_view_image.png', 'public/uploads/mtop_requirements_images/6582fc9fa27ec_sketch_location_of_garage.jpg', 'public/uploads/mtop_requirements_images/6582fc9fa27ec_affidavit_of_income_tax_return.png', 'public/uploads/mtop_requirements_images/6582fc9fa27ec_driver_cert_safety_driving_seminar.jpg', 'public/uploads/mtop_requirements_images/6582fc9fa27ec_proof_of_id.jpg', NULL, NULL, NULL, NULL, 'public/uploads/mtop_requirements_images/6582fc9fa27ec_latest_franchise.png', NULL, NULL, NULL, NULL),
(8, 15, 15, 'public/uploads/mtop_requirements_images/65830659655e4_mc_lto_certificate_of_registration.jpg', 'public/uploads/mtop_requirements_images/65830659655e4_mc_lto_official_receipt.jpg', 'public/uploads/mtop_requirements_images/65830659655e4_mc_plate_authorization.jpg', 'public/uploads/mtop_requirements_images/65830659655e4_tc_insurance_policy.jpg', 'public/uploads/mtop_requirements_images/65830659655e4_unit_front_view_image.png', 'public/uploads/mtop_requirements_images/65830659655e4_unit_side_view_image.png', 'public/uploads/mtop_requirements_images/65830659655e4_sketch_location_of_garage.jpg', 'public/uploads/mtop_requirements_images/65830659655e4_affidavit_of_income_tax_return.png', 'public/uploads/mtop_requirements_images/65830659655e4_driver_cert_safety_driving_seminar.jpg', 'public/uploads/mtop_requirements_images/65830659655e4_proof_of_id.png', NULL, NULL, NULL, NULL, 'public/uploads/mtop_requirements_images/65830659655e4_latest_franchise.png', NULL, NULL, 'public/uploads/mtop_requirements_images/65830659655e4_deed_of_donation_or_deed_of_sale.jpg', NULL),
(9, 16, 16, 'public/uploads/mtop_requirements_images/6583836b99c2e_mc_lto_certificate_of_registration.jpg', 'public/uploads/mtop_requirements_images/6583836b99c2e_mc_lto_official_receipt.jpg', 'public/uploads/mtop_requirements_images/6583836b99c2e_mc_plate_authorization.jpg', 'public/uploads/mtop_requirements_images/6583836b99c2e_tc_insurance_policy.jpg', 'public/uploads/mtop_requirements_images/6583836b99c2e_unit_front_view_image.png', 'public/uploads/mtop_requirements_images/6583836b99c2e_unit_side_view_image.png', 'public/uploads/mtop_requirements_images/6583836b99c2e_sketch_location_of_garage.jpg', 'public/uploads/mtop_requirements_images/6583836b99c2e_affidavit_of_income_tax_return.png', 'public/uploads/mtop_requirements_images/6583836b99c2e_driver_cert_safety_driving_seminar.jpg', 'public/uploads/mtop_requirements_images/6583836b99c2e_proof_of_id.jpg', NULL, NULL, NULL, NULL, 'public/uploads/mtop_requirements_images/6583836b99c2e_latest_franchise.png', 'public/uploads/mtop_requirements_images/6583862b651be_death_certificate.jpg', 'public/uploads/mtop_requirements_images/6583836b99c2e_agreement_amongst_heirs.jpg', NULL, NULL),
(10, 17, 17, 'public/uploads/mtop_requirements_images/659789f4b6b12_mc_lto_certificate_of_registration.jpg', 'public/uploads/mtop_requirements_images/659789f4b6b12_mc_lto_official_receipt.jpg', 'public/uploads/mtop_requirements_images/659789f4b6b12_mc_plate_authorization.jpg', 'public/uploads/mtop_requirements_images/659789f4b6b12_tc_insurance_policy.jpg', 'public/uploads/mtop_requirements_images/659789f4b6b12_unit_front_view_image.jpg', 'public/uploads/mtop_requirements_images/659789f4b6b12_unit_side_view_image.jpg', 'public/uploads/mtop_requirements_images/659789f4b6b12_sketch_location_of_garage.jpg', 'public/uploads/mtop_requirements_images/659789f4b6b12_affidavit_of_income_tax_return.jpg', 'public/uploads/mtop_requirements_images/659789f4b6b12_driver_cert_safety_driving_seminar.jpg', 'public/uploads/mtop_requirements_images/659789f4b6b12_proof_of_id.jpg', NULL, NULL, NULL, NULL, NULL, NULL, NULL, NULL, NULL),
(11, 18, 18, 'public/uploads/mtop_requirements_images/65978d877d0d9_mc_lto_certificate_of_registration.jpg', 'public/uploads/mtop_requirements_images/65978d877d0d9_mc_lto_official_receipt.jpg', 'public/uploads/mtop_requirements_images/65978d877d0d9_mc_plate_authorization.jpg', 'public/uploads/mtop_requirements_images/65978d877d0d9_tc_insurance_policy.jpg', 'public/uploads/mtop_requirements_images/65978d877d0d9_unit_front_view_image.jpg', 'public/uploads/mtop_requirements_images/65978d877d0d9_unit_side_view_image.jpg', 'public/uploads/mtop_requirements_images/65978d877d0d9_sketch_location_of_garage.jpg', 'public/uploads/mtop_requirements_images/65978d877d0d9_affidavit_of_income_tax_return.jpg', 'public/uploads/mtop_requirements_images/65978d877d0d9_driver_cert_safety_driving_seminar.jpg', 'public/uploads/mtop_requirements_images/65978d877d0d9_proof_of_id.jpg', NULL, NULL, NULL, NULL, NULL, NULL, NULL, NULL, NULL),
(12, 19, 19, 'public/uploads/mtop_requirements_images/659e8616bb819_mc_lto_certificate_of_registration.jpg', 'public/uploads/mtop_requirements_images/659e8616bb819_mc_lto_official_receipt.jpg', 'public/uploads/mtop_requirements_images/659e8616bb819_mc_plate_authorization.jpg', 'public/uploads/mtop_requirements_images/659e8616bb819_tc_insurance_policy.jpg', 'public/uploads/mtop_requirements_images/659e8616bb819_unit_front_view_image.png', 'public/uploads/mtop_requirements_images/659e8616bb819_unit_side_view_image.png', 'public/uploads/mtop_requirements_images/659e8616bb819_sketch_location_of_garage.jpg', 'public/uploads/mtop_requirements_images/659e8616bb819_affidavit_of_income_tax_return.png', 'public/uploads/mtop_requirements_images/659e8616bb819_driver_cert_safety_driving_seminar.jpg', 'public/uploads/mtop_requirements_images/659e8616bb819_proof_of_id.jpg', NULL, NULL, NULL, NULL, NULL, NULL, NULL, NULL, NULL),
(13, 20, 20, 'public/uploads/mtop_requirements_images/6652fd7b91...', 'public/uploads/mtop_requirements_images/6652fd7b91...', 'public/uploads/mtop_requirements_images/6652fd7b91...', 'public/uploads/mtop_requirements_images/6652fd7b91...', 'public/uploads/mtop_requirements_images/6652fd7b91...', 'public/uploads/mtop_requirements_images/6652fd7b91...', 'public/uploads/mtop_requirements_images/6652fd7b91...', 'public/uploads/mtop_requirements_images/6652fd7b91...', 'public/uploads/mtop_requirements_images/6652fd7b91...', 'public/uploads/mtop_requirements_images/6652fd7b91...', 'public/uploads/mtop_requirements_images/659e8b870df8e_tc_lto_certificate_of_registration.jpg', 'public/uploads/mtop_requirements_images/659e8b870df8e_tc_lto_official_receipt.jpg', 'public/uploads/mtop_requirements_images/659e8b870df8e_tc_plate_authorization.jpg', 'public/uploads/mtop_requirements_images/659e8b870df8e_tc_renewed_insurance_policy.jpg', 'public/uploads/mtop_requirements_images/659e8b870df8e_latest_franchise.png', NULL, NULL, NULL, NULL),
(14, 21, 21, 'public/uploads/mtop_requirements_images/65adf2470277a_mc_lto_certificate_of_registration.jpg', 'public/uploads/mtop_requirements_images/65adf2470277a_mc_lto_official_receipt.jpg', 'public/uploads/mtop_requirements_images/65adf2470277a_mc_plate_authorization.jpg', 'public/uploads/mtop_requirements_images/65adf2470277a_tc_insurance_policy.jpg', 'public/uploads/mtop_requirements_images/65adf2470277a_unit_front_view_image.png', 'public/uploads/mtop_requirements_images/65adf2470277a_unit_side_view_image.png', 'public/uploads/mtop_requirements_images/65adf2470277a_sketch_location_of_garage.jpg', 'public/uploads/mtop_requirements_images/65adf2470277a_affidavit_of_income_tax_return.png', 'public/uploads/mtop_requirements_images/65adf2470277a_driver_cert_safety_driving_seminar.jpg', 'public/uploads/mtop_requirements_images/65adf2470277a_proof_of_id.jpg', NULL, NULL, NULL, NULL, NULL, NULL, NULL, NULL, NULL),
(15, 22, 22, 'public/uploads/mtop_requirements_images/65ae4a431d3e2_mc_lto_certificate_of_registration.jpg', 'public/uploads/mtop_requirements_images/65ae4a431d3e2_mc_lto_official_receipt.jpg', 'public/uploads/mtop_requirements_images/65ae4a431d3e2_mc_plate_authorization.jpg', 'public/uploads/mtop_requirements_images/65ae4a431d3e2_tc_insurance_policy.jpg', 'public/uploads/mtop_requirements_images/65ae4a431d3e2_unit_front_view_image.png', 'public/uploads/mtop_requirements_images/65ae4a431d3e2_unit_side_view_image.png', 'public/uploads/mtop_requirements_images/65ae4a431d3e2_sketch_location_of_garage.jpg', 'public/uploads/mtop_requirements_images/65ae4a431d3e2_affidavit_of_income_tax_return.png', 'public/uploads/mtop_requirements_images/65ae4a431d3e2_driver_cert_safety_driving_seminar.jpg', 'public/uploads/mtop_requirements_images/65ae4a431d3e2_proof_of_id.jpg', NULL, NULL, NULL, NULL, NULL, NULL, NULL, NULL, NULL),
(16, 23, 23, 'public/uploads/mtop_requirements_images/65b777a191fec_mc_lto_certificate_of_registration.jpg', 'public/uploads/mtop_requirements_images/65b777a191fec_mc_lto_official_receipt.jpg', 'public/uploads/mtop_requirements_images/65b777a191fec_mc_plate_authorization.png', 'public/uploads/mtop_requirements_images/65b777a191fec_tc_insurance_policy.jpg', 'public/uploads/mtop_requirements_images/65b777a191fec_unit_front_view_image.png', 'public/uploads/mtop_requirements_images/65b777a191fec_unit_side_view_image.png', 'public/uploads/mtop_requirements_images/65b777a191fec_sketch_location_of_garage.jpg', 'public/uploads/mtop_requirements_images/65b777a191fec_affidavit_of_income_tax_return.png', 'public/uploads/mtop_requirements_images/65b777a191fec_driver_cert_safety_driving_seminar.jpg', 'public/uploads/mtop_requirements_images/65b777a191fec_proof_of_id.jpg', NULL, NULL, NULL, NULL, NULL, NULL, NULL, NULL, NULL),
(17, 24, 24, 'public/uploads/mtop_requirements_images/65b89204f012b_mc_lto_certificate_of_registration.jpg', 'public/uploads/mtop_requirements_images/65b89204f012b_mc_lto_official_receipt.jpg', 'public/uploads/mtop_requirements_images/65b89204f012b_mc_plate_authorization.jpg', 'public/uploads/mtop_requirements_images/65b89204f012b_tc_insurance_policy.jpg', 'public/uploads/mtop_requirements_images/65b89204f012b_unit_front_view_image.jpg', 'public/uploads/mtop_requirements_images/65b89204f012b_unit_side_view_image.jpg', 'public/uploads/mtop_requirements_images/65b89204f012b_sketch_location_of_garage.jpg', 'public/uploads/mtop_requirements_images/65b89204f012b_affidavit_of_income_tax_return.jpg', 'public/uploads/mtop_requirements_images/65b89204f012b_driver_cert_safety_driving_seminar.jpg', 'public/uploads/mtop_requirements_images/65b89204f012b_proof_of_id.jpg', NULL, NULL, NULL, NULL, NULL, NULL, NULL, NULL, NULL),
(18, 25, 25, 'public/uploads/mtop_requirements_images/65b8949ad80f2_mc_lto_certificate_of_registration.jpg', 'public/uploads/mtop_requirements_images/65b8949ad80f2_mc_lto_official_receipt.jpg', 'public/uploads/mtop_requirements_images/65b8949ad80f2_mc_plate_authorization.jpg', 'public/uploads/mtop_requirements_images/65b8949ad80f2_tc_insurance_policy.jpg', 'public/uploads/mtop_requirements_images/65b8949ad80f2_unit_front_view_image.jpg', 'public/uploads/mtop_requirements_images/65b8949ad80f2_unit_side_view_image.jpg', 'public/uploads/mtop_requirements_images/65b8949ad80f2_sketch_location_of_garage.jpg', 'public/uploads/mtop_requirements_images/65b8949ad80f2_affidavit_of_income_tax_return.jpg', 'public/uploads/mtop_requirements_images/65b8949ad80f2_driver_cert_safety_driving_seminar.jpg', 'public/uploads/mtop_requirements_images/65b8949ad80f2_proof_of_id.jpg', NULL, NULL, NULL, NULL, NULL, NULL, NULL, NULL, NULL),
(19, 26, 26, 'public/uploads/mtop_requirements_images/65bbe27698c5a_mc_lto_certificate_of_registration.jpg', 'public/uploads/mtop_requirements_images/65bbe27698c5a_mc_lto_official_receipt.jpg', 'public/uploads/mtop_requirements_images/65bbe27698c5a_mc_plate_authorization.jpg', 'public/uploads/mtop_requirements_images/65bbe27698c5a_tc_insurance_policy.jpg', 'public/uploads/mtop_requirements_images/65bbe27698c5a_unit_front_view_image.png', 'public/uploads/mtop_requirements_images/65bbe27698c5a_unit_side_view_image.png', 'public/uploads/mtop_requirements_images/65bbe27698c5a_sketch_location_of_garage.jpg', 'public/uploads/mtop_requirements_images/65bbe27698c5a_affidavit_of_income_tax_return.png', 'public/uploads/mtop_requirements_images/65bbe27698c5a_driver_cert_safety_driving_seminar.jpg', 'public/uploads/mtop_requirements_images/65bbe27698c5a_proof_of_id.jpg', NULL, NULL, NULL, NULL, 'public/uploads/mtop_requirements_images/65bbe27698c5a_latest_franchise.png', NULL, NULL, 'public/uploads/mtop_requirements_images/65bbe27698c5a_deed_of_donation_or_deed_of_sale.jpg', NULL),
(25, 32, 32, 'public/uploads/mtop_requirements_images/6650071ae7c19_mc_lto_certificate_of_registration1.jpg', 'public/uploads/mtop_requirements_images/6650071ae7c19_mc_lto_official_receipt1.jpg', 'public/uploads/mtop_requirements_images/6650071ae7c19_mc_plate_authorization1.jpg', 'public/uploads/mtop_requirements_images/6650071ae7c19_tc_insurance_policy1.jpg', 'public/uploads/mtop_requirements_images/6650071ae7c19_unit_front_view_image1.jpg', 'public/uploads/mtop_requirements_images/6650071ae7c19_unit_side_view_image1.jpg', 'public/uploads/mtop_requirements_images/6650071ae7c19_sketch_location_of_garage1.jpg', 'public/uploads/mtop_requirements_images/665197909da65_affidavit_of_income_tax_return2.png', 'public/uploads/mtop_requirements_images/665197909da65_driver_cert_safety_driving_seminar2.jpg', 'public/uploads/mtop_requirements_images/665197909da65_proof_of_id2.jpg', NULL, NULL, NULL, NULL, NULL, NULL, NULL, NULL, NULL),
(26, 32, 33, 'public/uploads/mtop_requirements_images/6650071af0815_mc_lto_certificate_of_registration2.jpg', 'public/uploads/mtop_requirements_images/6650071af0815_mc_lto_official_receipt2.jpg', 'public/uploads/mtop_requirements_images/6650071af0815_mc_plate_authorization2.jpg', 'public/uploads/mtop_requirements_images/6650071af0815_tc_insurance_policy2.jpg', 'public/uploads/mtop_requirements_images/6650071af0815_unit_front_view_image2.jpg', 'public/uploads/mtop_requirements_images/6650071af0815_unit_side_view_image2.jpg', 'public/uploads/mtop_requirements_images/6650071af0815_sketch_location_of_garage2.jpg', 'public/uploads/mtop_requirements_images/6650071af0815_affidavit_of_income_tax_return2.jpg', 'public/uploads/mtop_requirements_images/665197909c1a0_driver_cert_safety_driving_seminar1.jpg', 'public/uploads/mtop_requirements_images/665197909c1a0_proof_of_id1.jpg', NULL, NULL, NULL, NULL, NULL, NULL, NULL, NULL, NULL),
(30, 34, 37, 'public/uploads/mtop_requirements_images/665276b9a0450_mc_lto_certificate_of_registration1.jpg', 'public/uploads/mtop_requirements_images/665276b9a0450_mc_lto_official_receipt1.jpg', 'public/uploads/mtop_requirements_images/665276b9a0450_mc_plate_authorization1.jpg', 'public/uploads/mtop_requirements_images/665276b9a0450_tc_insurance_policy1.jpg', 'public/uploads/mtop_requirements_images/665276b9a0450_unit_front_view_image1.png', 'public/uploads/mtop_requirements_images/665276b9a0450_unit_side_view_image1.png', 'public/uploads/mtop_requirements_images/665276b9a0450_sketch_location_of_garage1.jpg', 'public/uploads/mtop_requirements_images/665276b9a0450_affidavit_of_income_tax_return1.png', 'public/uploads/mtop_requirements_images/665276b9a0450_driver_cert_safety_driving_seminar1.jpg', 'public/uploads/mtop_requirements_images/665276b9a0450_proof_of_id1.jpg', NULL, NULL, NULL, NULL, NULL, NULL, NULL, NULL, NULL),
(31, 34, 38, 'public/uploads/mtop_requirements_images/665276b9ae65c_mc_lto_certificate_of_registration2.jpg', 'public/uploads/mtop_requirements_images/665276b9ae65c_mc_lto_official_receipt2.jpg', 'public/uploads/mtop_requirements_images/665276b9ae65c_mc_plate_authorization2.jpg', 'public/uploads/mtop_requirements_images/665276b9ae65c_tc_insurance_policy2.jpg', 'public/uploads/mtop_requirements_images/665276b9ae65c_unit_front_view_image2.png', 'public/uploads/mtop_requirements_images/665276b9ae65c_unit_side_view_image2.png', 'public/uploads/mtop_requirements_images/665276b9ae65c_sketch_location_of_garage2.jpg', 'public/uploads/mtop_requirements_images/665276b9ae65c_affidavit_of_income_tax_return2.png', 'public/uploads/mtop_requirements_images/665276b9ae65c_driver_cert_safety_driving_seminar2.jpg', 'public/uploads/mtop_requirements_images/665276b9ae65c_proof_of_id2.jpg', NULL, NULL, NULL, NULL, NULL, NULL, NULL, NULL, NULL),
(32, 34, 39, 'public/uploads/mtop_requirements_images/665276b9c2bfe_mc_lto_certificate_of_registration3.jpg', 'public/uploads/mtop_requirements_images/665276b9c2bfe_mc_lto_official_receipt3.jpg', 'public/uploads/mtop_requirements_images/665276b9c2bfe_mc_plate_authorization3.jpg', 'public/uploads/mtop_requirements_images/665276b9c2bfe_tc_insurance_policy3.jpg', 'public/uploads/mtop_requirements_images/665276b9c2bfe_unit_front_view_image3.png', 'public/uploads/mtop_requirements_images/665276b9c2bfe_unit_side_view_image3.png', 'public/uploads/mtop_requirements_images/665276b9c2bfe_sketch_location_of_garage3.jpg', 'public/uploads/mtop_requirements_images/665276b9c2bfe_affidavit_of_income_tax_return3.png', 'public/uploads/mtop_requirements_images/665276b9c2bfe_driver_cert_safety_driving_seminar3.jpg', 'public/uploads/mtop_requirements_images/665276b9c2bfe_proof_of_id3.jpg', NULL, NULL, NULL, NULL, NULL, NULL, NULL, NULL, NULL),
(33, 35, 40, 'public/uploads/mtop_requirements_images/6652fd7b91f6f_mc_lto_certificate_of_registration.jpg', 'public/uploads/mtop_requirements_images/6652fd7b91f6f_mc_lto_official_receipt.jpg', 'public/uploads/mtop_requirements_images/6652fd7b91f6f_mc_plate_authorization.jpg', 'public/uploads/mtop_requirements_images/6652fd7b91f6f_tc_insurance_policy.jpg', 'public/uploads/mtop_requirements_images/6652fd7b91f6f_unit_front_view_image.png', 'public/uploads/mtop_requirements_images/6652fd7b91f6f_unit_side_view_image.png', NULL, NULL, NULL, NULL, 'public/uploads/mtop_requirements_images/6652fd7b91f6f_tc_lto_certificate_of_registration.png', 'public/uploads/mtop_requirements_images/6652fd7b91f6f_tc_lto_official_receipt.jpg', NULL, NULL, 'public/uploads/mtop_requirements_images/6652fd7b91f6f_latest_franchise.jpg', NULL, NULL, NULL, 'public/uploads/mtop_requirements_images/6652fd7b91f6f_or_of_return_plate.jpg'),
(42, 39, 49, 'public/uploads/mtop_requirements_images/6662cf7a2bda9_mc_lto_certificate_of_registration1.png', 'public/uploads/mtop_requirements_images/6662cf7a2bda9_mc_lto_official_receipt1.png', 'public/uploads/mtop_requirements_images/6662cf7a2bda9_mc_plate_authorization1.png', 'public/uploads/mtop_requirements_images/6662cf7a2bda9_tc_insurance_policy1.png', 'public/uploads/mtop_requirements_images/6662cf7a2bda9_unit_front_view_image1.png', 'public/uploads/mtop_requirements_images/6662cf7a2bda9_unit_side_view_image1.png', 'public/uploads/mtop_requirements_images/6662cf7a2bda9_sketch_location_of_garage1.png', 'public/uploads/mtop_requirements_images/6662cf7a2bda9_affidavit_of_income_tax_return1.png', 'public/uploads/mtop_requirements_images/6662cf7a2bda9_driver_cert_safety_driving_seminar1.png', 'public/uploads/mtop_requirements_images/6662cf7a2bda9_proof_of_id1.png', NULL, NULL, NULL, NULL, NULL, NULL, NULL, NULL, NULL),
(43, 39, 50, 'public/uploads/mtop_requirements_images/6662cf7a2d97a_mc_lto_certificate_of_registration2.png', 'public/uploads/mtop_requirements_images/6662cf7a2d97a_mc_lto_official_receipt2.png', 'public/uploads/mtop_requirements_images/6662cf7a2d97a_mc_plate_authorization2.png', 'public/uploads/mtop_requirements_images/6662cf7a2d97a_tc_insurance_policy2.png', 'public/uploads/mtop_requirements_images/6662cf7a2d97a_unit_front_view_image2.png', 'public/uploads/mtop_requirements_images/6662cf7a2d97a_unit_side_view_image2.png', 'public/uploads/mtop_requirements_images/6662cf7a2d97a_sketch_location_of_garage2.png', 'public/uploads/mtop_requirements_images/6662cf7a2d97a_affidavit_of_income_tax_return2.png', 'public/uploads/mtop_requirements_images/6662cf7a2d97a_driver_cert_safety_driving_seminar2.png', 'public/uploads/mtop_requirements_images/6662cf7a2d97a_proof_of_id2.png', NULL, NULL, NULL, NULL, NULL, NULL, NULL, NULL, NULL);

-- --------------------------------------------------------

--
-- Table structure for table `password_resets`
--

CREATE TABLE `password_resets` (
  `password_reset_id` int(11) NOT NULL,
  `email` varchar(255) NOT NULL,
  `token` varchar(255) NOT NULL,
  `expiration_time` datetime NOT NULL
) ENGINE=InnoDB DEFAULT CHARSET=utf8mb4 COLLATE=utf8mb4_general_ci;

-- --------------------------------------------------------

--
-- Table structure for table `rate_adjustments`
--

CREATE TABLE `rate_adjustments` (
  `rate_adjustment_id` int(11) NOT NULL,
  `rate_action` varchar(50) DEFAULT NULL,
  `percentage` decimal(5,2) DEFAULT NULL,
  `effective_date` date DEFAULT NULL,
  `previous_year` int(11) DEFAULT NULL,
  `created_at` timestamp NOT NULL DEFAULT current_timestamp()
) ENGINE=InnoDB DEFAULT CHARSET=utf8mb4 COLLATE=utf8mb4_general_ci;

--
-- Dumping data for table `rate_adjustments`
--

INSERT INTO `rate_adjustments` (`rate_adjustment_id`, `rate_action`, `percentage`, `effective_date`, `previous_year`, `created_at`) VALUES
(2, 'increase', 5.00, '2024-02-02', 2023, '2024-01-31 13:54:12');

-- --------------------------------------------------------

--
-- Table structure for table `taripa`
--

CREATE TABLE `taripa` (
  `taripa_id` int(11) NOT NULL,
  `route_area` varchar(50) DEFAULT NULL,
  `barangay` varchar(50) DEFAULT NULL,
  `regular_fare` decimal(10,2) DEFAULT NULL,
  `discounted_fare` decimal(10,2) DEFAULT NULL,
  `effective_date` date DEFAULT NULL
) ENGINE=InnoDB DEFAULT CHARSET=utf8mb4 COLLATE=utf8mb4_general_ci;

--
-- Dumping data for table `taripa`
--

INSERT INTO `taripa` (`taripa_id`, `route_area`, `barangay`, `regular_fare`, `discounted_fare`, `effective_date`) VALUES
(1, 'Free Zone / Zone 1', 'Brgy. North, East', 10.00, 8.00, '2023-07-18'),
(2, 'Free Zone / Zone 1', 'Brgy. West, South', 10.00, 8.00, '2023-07-18'),
(3, 'Free Zone / Zone 1', 'Airport', 22.00, 17.60, '2023-07-18'),
(4, 'Free Zone / Zone 1', 'Alegria', 10.00, 8.00, '2023-07-18'),
(5, 'Free Zone / Zone 1', 'Alta Vista', 15.00, 12.00, '2023-07-18'),
(6, 'Free Zone / Zone 1', 'Bagong Buhay', 13.00, 10.40, '2023-07-18'),
(7, 'Free Zone / Zone 1', 'Bantigue', 10.00, 8.00, '2023-07-18'),
(8, 'Free Zone / Zone 1', 'Batuan', 10.00, 8.00, '2023-07-18'),
(9, 'Free Zone & Zone 3', 'Cabulihan', 23.00, 18.40, '2023-07-18'),
(10, 'Free Zone & Zone 3', 'Cagbuhangin', 24.00, 19.20, '2023-07-18'),
(11, 'Free Zone / Zone 1', 'Camp Downes', 10.00, 8.00, '2023-07-18'),
(12, 'Free Zone / Zone 1', 'Can-adieng', 10.00, 8.00, '2023-07-18'),
(13, 'Free Zone & Zone 2', 'Can-untog', 19.00, 15.20, '2023-07-18'),
(14, 'Free Zone / Zone 1', 'Cogon', 10.00, 8.00, '2023-07-18'),
(15, 'Free Zone & Zone 3', 'Concepcion', 21.00, 16.80, '2023-07-18'),
(16, 'Free Zone & Zone 4', 'Curva', 24.00, 19.20, '2023-07-18'),
(17, 'Free Zone & Zone 2', 'Danhug', 17.00, 13.60, '2023-07-18'),
(18, 'Free Zone & Zone 3', 'Dayhagan', 18.00, 14.40, '2023-07-18'),
(19, 'Free Zone / Zone 1', 'Don Felipe Larrazabal', 10.00, 8.00, '2023-07-18'),
(20, 'Free Zone / Zone 1', 'Doña Feliza Mejia', 11.00, 8.80, '2023-07-18'),
(21, 'Free Zone & Zone 3', 'Dolores', 25.00, 20.00, '2023-07-18'),
(22, 'Free Zone / Zone 1', 'Donghol', 20.00, 16.00, '2023-07-18'),
(23, 'Free Zone & Zone 4', 'Esperanza', 43.00, 34.40, '2023-07-18'),
(24, 'Free Zone & Zone 4', 'Green Valley', 40.00, 32.00, '2023-07-18'),
(25, 'Free Zone & Zone 3', 'Hibunaon', 36.00, 28.80, '2023-07-18'),
(26, 'Free Zone & Zone 2', 'Ipil', 13.00, 10.40, '2023-07-18'),
(27, 'Free Zone / Zone 1', 'Juaton', 19.00, 15.20, '2023-07-18'),
(28, 'Free Zone & Zone 2', 'Labrador', 27.00, 21.60, '2023-07-18'),
(29, 'Free Zone / Zone 1', 'Lao', 24.00, 19.20, '2023-07-18'),
(30, 'Free Zone & Zone 4', 'Leondoni', 41.00, 32.80, '2023-07-18'),
(31, 'Free Zone / Zone 1', 'Libertad', 16.00, 12.80, '2023-07-18'),
(32, 'Free Zone & Zone 4', 'Licuma', 22.00, 17.60, '2023-07-18'),
(33, 'Free Zone & Zone 4', 'Lilo-an', 19.00, 15.20, '2023-07-18'),
(34, 'Free Zone / Zone 1', 'Linao', 10.00, 8.00, '2023-07-18'),
(35, 'Free Zone & Zone 3', 'Luna', 22.00, 17.60, '2023-07-18'),
(36, 'Free Zone & Zone 2', 'Mabini', 25.00, 20.00, '2023-07-18'),
(37, 'Free Zone & Zone 2', 'Macabug', 17.00, 13.60, '2023-07-18'),
(38, 'Free Zone & Zone 4', 'Manlilinao', 49.00, 39.20, '2023-07-18'),
(39, 'Free Zone & Zone 4', 'Margen', 27.00, 21.60, '2023-07-18'),
(40, 'Free Zone & Zone 4', 'Mas-in', 32.00, 25.60, '2023-07-18'),
(41, 'Free Zone & Zone 3', 'Matica-a', 33.00, 26.40, '2023-07-18'),
(42, 'Free Zone & Zone 3', 'Milagro', 29.00, 23.20, '2023-07-18'),
(43, 'Free Zone / Zone 1', 'Nasunogan', 22.00, 17.60, '2023-07-18'),
(44, 'Free Zone / Zone 1', 'Naungan', 12.00, 9.60, '2023-07-18'),
(45, 'Free Zone & Zone 4', 'Nueva Sociedad', 37.00, 29.60, '2023-07-18'),
(46, 'Free Zone & Zone 2', 'Panali-an', 13.00, 10.40, '2023-07-18'),
(47, 'Free Zone / Zone 1', 'Patag', 16.00, 12.80, '2023-07-18'),
(48, 'Free Zone / Zone 1', 'Punta', 10.00, 8.00, '2023-07-18'),
(49, 'Free Zone & Zone 4', 'R.M. Tan', 31.00, 24.80, '2023-07-18'),
(50, 'Free Zone & Zone 3', 'Sabang Bao', 35.00, 28.00, '2023-07-18'),
(51, 'Free Zone / Zone 1', 'Salvacion', 19.00, 15.20, '2023-07-18'),
(52, 'Free Zone & Zone 2', 'San Antonio', 16.00, 12.80, '2023-07-18'),
(53, 'Free Zone / Zone 1', 'San Isidro', 12.00, 9.60, '2023-07-18'),
(54, 'Free Zone & Zone 3', 'San Jose', 31.00, 24.80, '2023-07-18'),
(55, 'Free Zone & Zone 4', 'San Juan', 31.00, 24.80, '2023-07-18'),
(56, 'Free Zone / Zone 1', 'San Pablo', 14.00, 11.20, '2023-07-18'),
(57, 'Free Zone & Zone 3', 'San Vicente', 27.00, 21.60, '2023-07-18'),
(58, 'Free Zone / Zone 1', 'Sto. Niño', 16.00, 12.80, '2023-07-18'),
(59, 'Free Zone & Zone 2', 'Sumangga', 17.00, 13.60, '2023-07-18'),
(60, 'Free Zone / Zone 1', 'Tambulilid', 12.00, 9.60, '2023-07-18'),
(61, 'Free Zone / Zone 1', 'Toog', 10.00, 8.00, '2023-07-18'),
(62, 'Free Zone / Zone 4', 'Tzu Chi', 23.00, 18.40, '2023-07-18'),
(63, 'Free Zone & Zone 3', 'Valencia', 25.00, 20.00, '2023-07-18');

-- --------------------------------------------------------

--
-- Table structure for table `tricycles`
--

CREATE TABLE `tricycles` (
  `tricycle_id` int(11) NOT NULL,
  `user_id` int(11) NOT NULL,
  `cin_id` int(11) NOT NULL,
  `tricycle_application_id` int(11) DEFAULT NULL,
  `previous_tricycle_application_id` int(11) DEFAULT NULL,
  `mtop_requirements_new_franchise_id` int(11) DEFAULT NULL,
  `mtop_requirements_renewal_franchise_id` int(11) DEFAULT NULL,
  `mtop_requirements_transfer_ownership_id` int(11) DEFAULT NULL,
  `mtop_requirements_intent_of_transfer_id` int(11) DEFAULT NULL,
  `mtop_requirements_transfer_from_deceased_id` int(11) DEFAULT NULL,
  `mtop_requirements_change_motorcycle_id` int(11) DEFAULT NULL,
  `created_at` timestamp NOT NULL DEFAULT current_timestamp(),
  `updated_at` timestamp NOT NULL DEFAULT current_timestamp() ON UPDATE current_timestamp(),
  `expired_notification_sent_at` date DEFAULT NULL,
  `expired_change_motor_notification_sent_at` date DEFAULT NULL
) ENGINE=InnoDB DEFAULT CHARSET=utf8mb4 COLLATE=utf8mb4_general_ci;

--
-- Dumping data for table `tricycles`
--

INSERT INTO `tricycles` (`tricycle_id`, `user_id`, `cin_id`, `tricycle_application_id`, `previous_tricycle_application_id`, `mtop_requirements_new_franchise_id`, `mtop_requirements_renewal_franchise_id`, `mtop_requirements_transfer_ownership_id`, `mtop_requirements_intent_of_transfer_id`, `mtop_requirements_transfer_from_deceased_id`, `mtop_requirements_change_motorcycle_id`, `created_at`, `updated_at`, `expired_notification_sent_at`, `expired_change_motor_notification_sent_at`) VALUES
(1, 2, 1, 16, 15, 1, 2, 7, 8, 9, 3, '2023-12-20 02:35:05', '2024-02-05 15:31:15', NULL, '2024-01-20'),
(2, 2, 2, 6, 5, 4, 5, NULL, NULL, NULL, NULL, '2023-12-20 07:53:32', '2024-02-05 15:30:13', NULL, '2024-02-05'),
(3, 2, 3, 20, 17, 10, 13, NULL, NULL, NULL, NULL, '2024-01-05 04:53:46', '2024-01-13 10:06:11', NULL, NULL),
(8, 18, 1, 25, NULL, 18, NULL, NULL, NULL, NULL, NULL, '2024-01-30 06:36:46', '2024-01-30 06:36:46', NULL, NULL),
(9, 18, 6, 24, NULL, 17, NULL, NULL, NULL, NULL, NULL, '2024-01-30 06:38:46', '2024-01-30 06:38:46', NULL, NULL);

-- --------------------------------------------------------

--
-- Table structure for table `tricycle_applications`
--

CREATE TABLE `tricycle_applications` (
  `tricycle_application_id` int(11) NOT NULL,
  `appointment_id` int(11) NOT NULL,
  `driver_id` int(11) NOT NULL,
  `tricycle_cin_number_id` int(11) DEFAULT NULL,
  `operator_name` varchar(255) NOT NULL,
  `tricycle_phone_number` varchar(20) NOT NULL,
  `address` varchar(255) NOT NULL,
  `mtop_no` varchar(255) NOT NULL,
  `route_area` varchar(255) NOT NULL,
  `color_code` varchar(255) NOT NULL,
  `make_model` varchar(255) NOT NULL,
  `make_model_year_acquired` varchar(255) NOT NULL,
  `make_model_expiry_date` date NOT NULL,
  `motor_number` varchar(255) NOT NULL,
  `insurer` varchar(255) NOT NULL,
  `coc_no` varchar(255) NOT NULL,
  `coc_no_expiry_date` date NOT NULL,
  `lto_cr_no` varchar(255) NOT NULL,
  `lto_or_no` varchar(255) NOT NULL,
  `driver_license_no` varchar(255) NOT NULL,
  `driver_license_expiry_date` date DEFAULT NULL
) ENGINE=InnoDB DEFAULT CHARSET=utf8mb4 COLLATE=utf8mb4_general_ci;

--
-- Dumping data for table `tricycle_applications`
--

INSERT INTO `tricycle_applications` (`tricycle_application_id`, `appointment_id`, `driver_id`, `tricycle_cin_number_id`, `operator_name`, `tricycle_phone_number`, `address`, `mtop_no`, `route_area`, `color_code`, `make_model`, `make_model_year_acquired`, `make_model_expiry_date`, `motor_number`, `insurer`, `coc_no`, `coc_no_expiry_date`, `lto_cr_no`, `lto_or_no`, `driver_license_no`, `driver_license_expiry_date`) VALUES
(1, 1, 0, 1, 'Operator Operator', '+639123456789', 'Barangay Tambulilid, Block 3 Rafi Lot 27', '123', 'Free Zone / Zone 1', 'Red', '123', '2018', '2025-12-22', '123', 'ABC Insurer Co.', '123', '2023-12-22', '', '', '', '0000-00-00'),
(2, 2, 1, 1, 'Operator Operator', '+639123456789', 'Barangay Tambulilid, Block 3 Rafi Lot 27', '123', 'Free Zone / Zone 1', 'Red', 'Honda', '2018', '2030-01-02', '123', 'ABC Insurer Co.', '123', '2024-01-06', '123', '123', '123', '2024-01-06'),
(4, 4, 1, 1, 'Operator Operator', '+639123456789', 'Barangay Tambulilid, Block 3 Rafi Lot 27', '123', 'Free Zone / Zone 1', 'Red', 'Honda', '2018', '2025-12-30', '123', 'ABC Insurer Co.', '123', '2024-01-05', '123', '123', '123', '2024-01-06'),
(5, 5, 0, 2, 'Operator Operator', '+639123456789', 'Barangay Tambulilid, Block 3 Rafi Lot 27', '123', 'Free Zone & Zone 2', 'Blue', 'Yamaha', '2018', '2028-01-05', '123', 'ABC Insurer', '123', '2024-01-06', '', '', '', '0000-00-00'),
(6, 6, 1, 2, 'Operator Operator', '+639123456789', 'Barangay Tambulilid, Block 3 Rafi Lot 27', '123', 'Free Zone / Zone 1', 'Red', 'Yamaha', '2024', '2036-02-02', '123', 'ABC Insurer Co.', '123', '2024-01-06', '123', '123', '123', '2024-01-06'),
(14, 14, 1, 1, 'Operator Operator', '+639123456789', 'Barangay Tambulilid, Block 3 Rafi Lot 27', '123', 'Free Zone / Zone 1', 'Red', '123', '2014', '2025-12-30', '123', 'ABC Insurer', '123', '2023-12-30', '123', '123', '123', '2024-01-06'),
(15, 15, 1, 1, 'Operator Operator', '+639123456789', 'Barangay Tambulilid, Block 3 Rafi Lot 27', '123', 'Free Zone / Zone 1', 'Red', '123', '2013', '2028-01-05', '123', 'ABC Insurer Co.', '123', '2024-01-06', '123', '123', '123', '2024-01-06'),
(16, 16, 1, 1, 'Anna Lim', '+639513662322', 'Barangay Tambulilid, Block 3 Rafi Lot 27', '123', 'Free Zone / Zone 1', 'Red', 'yamaha', '2020', '2024-01-29', '123', '123', '123', '2024-01-06', '123', '123', '123', '2024-01-06'),
(17, 17, 0, 3, 'Anna Rose Miller', '+639123454322', 'Sample Address', '368', 'Free Zone & Zone 3', 'Yellow', '48461', '2016', '2028-02-07', '4161', '5635', '344', '2024-02-07', '', '', '', NULL),
(18, 18, 0, 4, 'Anna Rose Miller', '+639123454322', 'Sample Address', '368', 'Free Zone / Zone 1', 'Red', '48461', '2015', '2028-02-06', '5163', '564', '8634', '2024-02-07', '', '', '', NULL),
(19, 19, 0, 3, 'Operator Operator', '+639513662322', 'Barangay Tambulilid, Block 3 Rafi Lot 27', '123', 'Free Zone & Zone 2', 'Blue', 'Yamaha', '2023', '2033-01-01', '123', 'ABC Insurer Co.', '123', '2024-01-10', '', '', '', NULL),
(20, 20, 1, 3, 'Operator Operator', '+639513662322', 'Barangay Tambulilid, Block 3 Rafi Lot 27', '1234', 'Free Zone & Zone 2', 'Blue', 'Yamaha', '2024', '2036-01-01', '123', 'ABC Insurer Co.', '123', '2024-02-10', '123', '123', '123', '2024-02-10'),
(21, 21, 0, 4, 'Operator Operator', '+639513662322', 'Barangay Tambulilid, Block 3 Rafi Lot 27', '234', 'Free Zone / Zone 1', 'Red', '123', '2024', '2034-10-22', '123', 'ABC Insurer', '123', '2024-01-27', '123', '123', '', NULL),
(22, 22, 0, 5, 'Lune Stelle', '+639123454322', 'Tambulilid, Ormoc City', '234', 'Free Zone / Zone 1', 'Red', '234', '2024', '2034-01-31', '123', 'ABC Insurer Co.', '123', '2024-02-10', '', '', '', NULL),
(23, 23, 0, 6, 'Operator Operator', '+639513662322', 'Barangay Tambulilid, Block 3 Rafi Lot 27', '123', 'Free Zone / Zone 1', 'Red', 'Yamaha', '2021', '2033-12-01', '123', 'ABC Insurer co.', '123', '2024-02-10', '', '', '', NULL),
(24, 24, 0, 6, 'Shaina Mendoza', '+639631197271', 'Barangay Alegria Village, Ormoc City', '368', 'Free Zone / Zone 1', 'Red', '654', '2012', '2024-02-08', '4161', 'Ana Co', '23523', '2024-02-08', '', '', '', NULL),
(25, 25, 0, 1, 'Shaina Mendoza', '+639631197271', 'Barangay Alegria Village, Ormoc City', '368', 'Free Zone & Zone 2', 'Blue', '48461', '2012', '2024-02-28', '25423', 'Ana Co', '23523', '2024-02-08', '', '', '', NULL),
(26, 26, 0, 4, 'Operator Operator', '+639624620724', 'Barangay Tambulilid, Block 3 Rafi Lot 27', '368', 'Free Zone / Zone 1', 'Red', '48461', '2015', '2027-02-06', '5163', '564', '8634', '2024-02-07', '123', '123', '123', '2024-03-02'),
(32, 32, 0, 7, 'Operator Operator', '+639946877490', 'Barangay Tambulilid, Block 3 Rafi Lot 27', '123', 'Free Zone / Zone 1', 'Red', 'Yamaha ABC', '2024', '2036-05-24', '123', 'ABC Insurer Co.', '123', '2024-05-25', '', '', '', NULL),
(33, 32, 0, 8, 'Operator Operator', '+639946877490', 'Barangay Tambulilid, Block 3 Rafi Lot 27', '124', 'Free Zone & Zone 2', 'Blue', 'Yamaha B', '2024', '2036-05-25', '124', 'DEF Insurer Co.', '124', '2024-05-25', '', '', '', NULL),
(37, 34, 0, 9, 'Operator Operator', '+639946877490', 'Barangay Tambulilid, Block 3 Rafi Lot 27', '123', 'Free Zone / Zone 1', 'Red', 'Yamaha A', '2024', '2036-05-28', '123', 'ABC Insurer Co.', '123', '2024-05-27', '', '', '', NULL),
(38, 34, 0, 10, 'Operator Operator', '+639946877490', 'Barangay Tambulilid, Block 3 Rafi Lot 27', '124', 'Free Zone & Zone 2', 'Blue', 'Yamaha B', '2024', '2036-05-27', '124', 'DEF Insurer Co.', '124', '2024-05-28', '', '', '', NULL),
(39, 34, 0, 11, 'Operator Operator', '+639946877490', 'Barangay Tambulilid, Block 3 Rafi Lot 27', '125', 'Free Zone & Zone 3', 'Yellow', 'Yamaha C', '2024', '2036-06-05', '125', 'GHI Insurer Co.', '125', '2024-05-30', '', '', '', NULL),
(40, 35, 0, 2, 'Operator Operator', '+639946877490', 'Barangay Tambulilid, Block 3 Rafi Lot 27', '123', 'Free Zone / Zone 1', 'Red', 'Yamaha', '2024', '2036-02-02', '123', 'ABC Insurer Co.', '123', '2024-01-06', '123', '123', '123', '2026-06-06'),
(49, 39, 0, NULL, 'John Doe', '+639123654987', 'Ormoc', '123', 'Free Zone / Zone 1', 'Red', 'Yamaha', '2024', '2036-07-03', '245', 'Ana Co', '548', '2024-06-19', '', '', '', NULL),
(50, 39, 0, NULL, 'John Doe', '+639123654987', 'Ormoc', '878', 'Free Zone / Zone 1', 'Red', 'Yamaha', '2024', '2036-06-22', '868', 'Ana co', '545', '2024-06-27', '', '', '', NULL);

-- --------------------------------------------------------

--
-- Table structure for table `tricycle_cin_numbers`
--

CREATE TABLE `tricycle_cin_numbers` (
  `tricycle_cin_number_id` int(11) NOT NULL,
  `cin_number` int(11) NOT NULL,
  `is_used` tinyint(1) DEFAULT 0 COMMENT '0 = FALSE, 1 = TRUE',
  `user_id` int(11) DEFAULT NULL,
  `ownership_date` date DEFAULT NULL
) ENGINE=InnoDB DEFAULT CHARSET=utf8mb4 COLLATE=utf8mb4_general_ci;

--
-- Dumping data for table `tricycle_cin_numbers`
--

INSERT INTO `tricycle_cin_numbers` (`tricycle_cin_number_id`, `cin_number`, `is_used`, `user_id`, `ownership_date`) VALUES
(1, 1, 1, 18, '2024-05-23'),
(2, 2, 1, 2, '2024-05-23'),
(3, 3, 1, 2, '2024-05-20'),
(4, 4, 0, NULL, NULL),
(5, 5, 1, 15, '2023-05-23'),
(6, 6, 1, 18, '2023-05-23'),
(7, 7, 0, NULL, NULL),
(8, 8, 0, NULL, NULL),
(9, 9, 0, NULL, NULL),
(10, 10, 0, NULL, NULL),
(11, 11, 0, NULL, NULL),
(12, 12, 0, NULL, NULL),
(13, 13, 0, NULL, NULL),
(14, 14, 0, NULL, NULL),
(15, 15, 0, NULL, NULL),
(16, 16, 0, NULL, NULL),
(17, 17, 0, NULL, NULL),
(18, 18, 0, NULL, NULL),
(19, 19, 0, NULL, NULL),
(20, 20, 0, NULL, NULL),
(21, 21, 0, NULL, NULL),
(22, 22, 0, NULL, NULL),
(23, 23, 0, NULL, NULL),
(24, 24, 0, NULL, NULL),
(25, 25, 0, NULL, NULL),
(26, 26, 0, NULL, NULL),
(27, 27, 0, NULL, NULL),
(28, 28, 0, NULL, NULL),
(29, 29, 0, NULL, NULL),
(30, 30, 0, NULL, NULL),
(31, 31, 0, NULL, NULL),
(32, 32, 0, NULL, NULL),
(33, 33, 0, NULL, NULL),
(34, 34, 0, NULL, NULL),
(35, 35, 0, NULL, NULL),
(36, 36, 0, NULL, NULL),
(37, 37, 0, NULL, NULL),
(38, 38, 0, NULL, NULL),
(39, 39, 0, NULL, NULL),
(40, 40, 0, NULL, NULL),
(41, 41, 0, NULL, NULL),
(42, 42, 0, NULL, NULL),
(43, 43, 0, NULL, NULL),
(44, 44, 0, NULL, NULL),
(45, 45, 0, NULL, NULL),
(46, 46, 0, NULL, NULL),
(47, 47, 0, NULL, NULL),
(48, 48, 0, NULL, NULL),
(49, 49, 0, NULL, NULL),
(50, 50, 0, NULL, NULL),
(51, 51, 0, NULL, NULL),
(52, 52, 0, NULL, NULL),
(53, 53, 0, NULL, NULL),
(54, 54, 0, NULL, NULL),
(55, 55, 0, NULL, NULL),
(56, 56, 0, NULL, NULL),
(57, 57, 0, NULL, NULL),
(58, 58, 0, NULL, NULL),
(59, 59, 0, NULL, NULL),
(60, 60, 0, NULL, NULL),
(61, 61, 0, NULL, NULL),
(62, 62, 0, NULL, NULL),
(63, 63, 0, NULL, NULL),
(64, 64, 0, NULL, NULL),
(65, 65, 0, NULL, NULL),
(66, 66, 0, NULL, NULL),
(67, 67, 0, NULL, NULL),
(68, 68, 0, NULL, NULL),
(69, 69, 0, NULL, NULL),
(70, 70, 0, NULL, NULL),
(71, 71, 0, NULL, NULL),
(72, 72, 0, NULL, NULL),
(73, 73, 0, NULL, NULL),
(74, 74, 0, NULL, NULL),
(75, 75, 0, NULL, NULL),
(76, 76, 0, NULL, NULL),
(77, 77, 0, NULL, NULL),
(78, 78, 0, NULL, NULL),
(79, 79, 0, NULL, NULL),
(80, 80, 0, NULL, NULL),
(81, 81, 0, NULL, NULL),
(82, 82, 0, NULL, NULL),
(83, 83, 0, NULL, NULL),
(84, 84, 0, NULL, NULL),
(85, 85, 0, NULL, NULL),
(86, 86, 0, NULL, NULL),
(87, 87, 0, NULL, NULL),
(88, 88, 0, NULL, NULL),
(89, 89, 0, NULL, NULL),
(90, 90, 0, NULL, NULL),
(91, 91, 0, NULL, NULL),
(92, 92, 0, NULL, NULL),
(93, 93, 0, NULL, NULL),
(94, 94, 0, NULL, NULL),
(95, 95, 0, NULL, NULL),
(96, 96, 0, NULL, NULL),
(97, 97, 0, NULL, NULL),
(98, 98, 0, NULL, NULL),
(99, 99, 0, NULL, NULL),
(100, 100, 0, NULL, NULL),
(101, 101, 0, NULL, NULL),
(102, 102, 0, NULL, NULL),
(103, 103, 0, NULL, NULL),
(104, 104, 0, NULL, NULL),
(105, 105, 0, NULL, NULL),
(106, 106, 0, NULL, NULL),
(107, 107, 0, NULL, NULL),
(108, 108, 0, NULL, NULL),
(109, 109, 0, NULL, NULL),
(110, 110, 0, NULL, NULL),
(111, 111, 0, NULL, NULL),
(112, 112, 0, NULL, NULL),
(113, 113, 0, NULL, NULL),
(114, 114, 0, NULL, NULL),
(115, 115, 0, NULL, NULL),
(116, 116, 0, NULL, NULL),
(117, 117, 0, NULL, NULL),
(118, 118, 0, NULL, NULL),
(119, 119, 0, NULL, NULL),
(120, 120, 0, NULL, NULL),
(121, 121, 0, NULL, NULL),
(122, 122, 0, NULL, NULL),
(123, 123, 0, NULL, NULL),
(124, 124, 0, NULL, NULL),
(125, 125, 0, NULL, NULL),
(126, 126, 0, NULL, NULL),
(127, 127, 0, NULL, NULL),
(128, 128, 0, NULL, NULL),
(129, 129, 0, NULL, NULL),
(130, 130, 0, NULL, NULL),
(131, 131, 0, NULL, NULL),
(132, 132, 0, NULL, NULL),
(133, 133, 0, NULL, NULL),
(134, 134, 0, NULL, NULL),
(135, 135, 0, NULL, NULL),
(136, 136, 0, NULL, NULL),
(137, 137, 0, NULL, NULL),
(138, 138, 0, NULL, NULL),
(139, 139, 0, NULL, NULL),
(140, 140, 0, NULL, NULL),
(141, 141, 0, NULL, NULL),
(142, 142, 0, NULL, NULL),
(143, 143, 0, NULL, NULL),
(144, 144, 0, NULL, NULL),
(145, 145, 0, NULL, NULL),
(146, 146, 0, NULL, NULL),
(147, 147, 0, NULL, NULL),
(148, 148, 0, NULL, NULL),
(149, 149, 0, NULL, NULL),
(150, 150, 0, NULL, NULL),
(151, 151, 0, NULL, NULL),
(152, 152, 0, NULL, NULL),
(153, 153, 0, NULL, NULL),
(154, 154, 0, NULL, NULL),
(155, 155, 0, NULL, NULL),
(156, 156, 0, NULL, NULL),
(157, 157, 0, NULL, NULL),
(158, 158, 0, NULL, NULL),
(159, 159, 0, NULL, NULL),
(160, 160, 0, NULL, NULL),
(161, 161, 0, NULL, NULL),
(162, 162, 0, NULL, NULL),
(163, 163, 0, NULL, NULL),
(164, 164, 0, NULL, NULL),
(165, 165, 0, NULL, NULL),
(166, 166, 0, NULL, NULL),
(167, 167, 0, NULL, NULL),
(168, 168, 0, NULL, NULL),
(169, 169, 0, NULL, NULL),
(170, 170, 0, NULL, NULL),
(171, 171, 0, NULL, NULL),
(172, 172, 0, NULL, NULL),
(173, 173, 0, NULL, NULL),
(174, 174, 0, NULL, NULL),
(175, 175, 0, NULL, NULL),
(176, 176, 0, NULL, NULL),
(177, 177, 0, NULL, NULL),
(178, 178, 0, NULL, NULL),
(179, 179, 0, NULL, NULL),
(180, 180, 0, NULL, NULL),
(181, 181, 0, NULL, NULL),
(182, 182, 0, NULL, NULL),
(183, 183, 0, NULL, NULL),
(184, 184, 0, NULL, NULL),
(185, 185, 0, NULL, NULL),
(186, 186, 0, NULL, NULL),
(187, 187, 0, NULL, NULL),
(188, 188, 0, NULL, NULL),
(189, 189, 0, NULL, NULL),
(190, 190, 0, NULL, NULL),
(191, 191, 0, NULL, NULL),
(192, 192, 0, NULL, NULL),
(193, 193, 0, NULL, NULL),
(194, 194, 0, NULL, NULL),
(195, 195, 0, NULL, NULL),
(196, 196, 0, NULL, NULL),
(197, 197, 0, NULL, NULL),
(198, 198, 0, NULL, NULL),
(199, 199, 0, NULL, NULL),
(200, 200, 0, NULL, NULL),
(201, 201, 0, NULL, NULL),
(202, 202, 0, NULL, NULL),
(203, 203, 0, NULL, NULL),
(204, 204, 0, NULL, NULL),
(205, 205, 0, NULL, NULL),
(206, 206, 0, NULL, NULL),
(207, 207, 0, NULL, NULL),
(208, 208, 0, NULL, NULL),
(209, 209, 0, NULL, NULL),
(210, 210, 0, NULL, NULL),
(211, 211, 0, NULL, NULL),
(212, 212, 0, NULL, NULL),
(213, 213, 0, NULL, NULL),
(214, 214, 0, NULL, NULL),
(215, 215, 0, NULL, NULL),
(216, 216, 0, NULL, NULL),
(217, 217, 0, NULL, NULL),
(218, 218, 0, NULL, NULL),
(219, 219, 0, NULL, NULL),
(220, 220, 0, NULL, NULL),
(221, 221, 0, NULL, NULL),
(222, 222, 0, NULL, NULL),
(223, 223, 0, NULL, NULL),
(224, 224, 0, NULL, NULL),
(225, 225, 0, NULL, NULL),
(226, 226, 0, NULL, NULL),
(227, 227, 0, NULL, NULL),
(228, 228, 0, NULL, NULL),
(229, 229, 0, NULL, NULL),
(230, 230, 0, NULL, NULL),
(231, 231, 0, NULL, NULL),
(232, 232, 0, NULL, NULL),
(233, 233, 0, NULL, NULL),
(234, 234, 0, NULL, NULL),
(235, 235, 0, NULL, NULL),
(236, 236, 0, NULL, NULL),
(237, 237, 0, NULL, NULL),
(238, 238, 0, NULL, NULL),
(239, 239, 0, NULL, NULL),
(240, 240, 0, NULL, NULL),
(241, 241, 0, NULL, NULL),
(242, 242, 0, NULL, NULL),
(243, 243, 0, NULL, NULL),
(244, 244, 0, NULL, NULL),
(245, 245, 0, NULL, NULL),
(246, 246, 0, NULL, NULL),
(247, 247, 0, NULL, NULL),
(248, 248, 0, NULL, NULL),
(249, 249, 0, NULL, NULL),
(250, 250, 0, NULL, NULL),
(251, 251, 0, NULL, NULL),
(252, 252, 0, NULL, NULL),
(253, 253, 0, NULL, NULL),
(254, 254, 0, NULL, NULL),
(255, 255, 0, NULL, NULL),
(256, 256, 0, NULL, NULL),
(257, 257, 0, NULL, NULL),
(258, 258, 0, NULL, NULL),
(259, 259, 0, NULL, NULL),
(260, 260, 0, NULL, NULL),
(261, 261, 0, NULL, NULL),
(262, 262, 0, NULL, NULL),
(263, 263, 0, NULL, NULL),
(264, 264, 0, NULL, NULL),
(265, 265, 0, NULL, NULL),
(266, 266, 0, NULL, NULL),
(267, 267, 0, NULL, NULL),
(268, 268, 0, NULL, NULL),
(269, 269, 0, NULL, NULL),
(270, 270, 0, NULL, NULL),
(271, 271, 0, NULL, NULL),
(272, 272, 0, NULL, NULL),
(273, 273, 0, NULL, NULL),
(274, 274, 0, NULL, NULL),
(275, 275, 0, NULL, NULL),
(276, 276, 0, NULL, NULL),
(277, 277, 0, NULL, NULL),
(278, 278, 0, NULL, NULL),
(279, 279, 0, NULL, NULL),
(280, 280, 0, NULL, NULL),
(281, 281, 0, NULL, NULL),
(282, 282, 0, NULL, NULL),
(283, 283, 0, NULL, NULL),
(284, 284, 0, NULL, NULL),
(285, 285, 0, NULL, NULL),
(286, 286, 0, NULL, NULL),
(287, 287, 0, NULL, NULL),
(288, 288, 0, NULL, NULL),
(289, 289, 0, NULL, NULL),
(290, 290, 0, NULL, NULL),
(291, 291, 0, NULL, NULL),
(292, 292, 0, NULL, NULL),
(293, 293, 0, NULL, NULL),
(294, 294, 0, NULL, NULL),
(295, 295, 0, NULL, NULL),
(296, 296, 0, NULL, NULL),
(297, 297, 0, NULL, NULL),
(298, 298, 0, NULL, NULL),
(299, 299, 0, NULL, NULL),
(300, 300, 0, NULL, NULL),
(301, 301, 0, NULL, NULL),
(302, 302, 0, NULL, NULL),
(303, 303, 0, NULL, NULL),
(304, 304, 0, NULL, NULL),
(305, 305, 0, NULL, NULL),
(306, 306, 0, NULL, NULL),
(307, 307, 0, NULL, NULL),
(308, 308, 0, NULL, NULL),
(309, 309, 0, NULL, NULL),
(310, 310, 0, NULL, NULL),
(311, 311, 0, NULL, NULL),
(312, 312, 0, NULL, NULL),
(313, 313, 0, NULL, NULL),
(314, 314, 0, NULL, NULL),
(315, 315, 0, NULL, NULL),
(316, 316, 0, NULL, NULL),
(317, 317, 0, NULL, NULL),
(318, 318, 0, NULL, NULL),
(319, 319, 0, NULL, NULL),
(320, 320, 0, NULL, NULL),
(321, 321, 0, NULL, NULL),
(322, 322, 0, NULL, NULL),
(323, 323, 0, NULL, NULL),
(324, 324, 0, NULL, NULL),
(325, 325, 0, NULL, NULL),
(326, 326, 0, NULL, NULL),
(327, 327, 0, NULL, NULL),
(328, 328, 0, NULL, NULL),
(329, 329, 0, NULL, NULL),
(330, 330, 0, NULL, NULL),
(331, 331, 0, NULL, NULL),
(332, 332, 0, NULL, NULL),
(333, 333, 0, NULL, NULL),
(334, 334, 0, NULL, NULL),
(335, 335, 0, NULL, NULL),
(336, 336, 0, NULL, NULL),
(337, 337, 0, NULL, NULL),
(338, 338, 0, NULL, NULL),
(339, 339, 0, NULL, NULL),
(340, 340, 0, NULL, NULL),
(341, 341, 0, NULL, NULL),
(342, 342, 0, NULL, NULL),
(343, 343, 0, NULL, NULL),
(344, 344, 0, NULL, NULL),
(345, 345, 0, NULL, NULL),
(346, 346, 0, NULL, NULL),
(347, 347, 0, NULL, NULL),
(348, 348, 0, NULL, NULL),
(349, 349, 0, NULL, NULL),
(350, 350, 0, NULL, NULL),
(351, 351, 0, NULL, NULL),
(352, 352, 0, NULL, NULL),
(353, 353, 0, NULL, NULL),
(354, 354, 0, NULL, NULL),
(355, 355, 0, NULL, NULL),
(356, 356, 0, NULL, NULL),
(357, 357, 0, NULL, NULL),
(358, 358, 0, NULL, NULL),
(359, 359, 0, NULL, NULL),
(360, 360, 0, NULL, NULL),
(361, 361, 0, NULL, NULL),
(362, 362, 0, NULL, NULL),
(363, 363, 0, NULL, NULL),
(364, 364, 0, NULL, NULL),
(365, 365, 0, NULL, NULL),
(366, 366, 0, NULL, NULL),
(367, 367, 0, NULL, NULL),
(368, 368, 0, NULL, NULL),
(369, 369, 0, NULL, NULL),
(370, 370, 0, NULL, NULL),
(371, 371, 0, NULL, NULL),
(372, 372, 0, NULL, NULL),
(373, 373, 0, NULL, NULL),
(374, 374, 0, NULL, NULL),
(375, 375, 0, NULL, NULL),
(376, 376, 0, NULL, NULL),
(377, 377, 0, NULL, NULL),
(378, 378, 0, NULL, NULL),
(379, 379, 0, NULL, NULL),
(380, 380, 0, NULL, NULL),
(381, 381, 0, NULL, NULL),
(382, 382, 0, NULL, NULL),
(383, 383, 0, NULL, NULL),
(384, 384, 0, NULL, NULL),
(385, 385, 0, NULL, NULL),
(386, 386, 0, NULL, NULL),
(387, 387, 0, NULL, NULL),
(388, 388, 0, NULL, NULL),
(389, 389, 0, NULL, NULL),
(390, 390, 0, NULL, NULL),
(391, 391, 0, NULL, NULL),
(392, 392, 0, NULL, NULL),
(393, 393, 0, NULL, NULL),
(394, 394, 0, NULL, NULL),
(395, 395, 0, NULL, NULL),
(396, 396, 0, NULL, NULL),
(397, 397, 0, NULL, NULL),
(398, 398, 0, NULL, NULL),
(399, 399, 0, NULL, NULL),
(400, 400, 0, NULL, NULL),
(401, 401, 0, NULL, NULL),
(402, 402, 0, NULL, NULL),
(403, 403, 0, NULL, NULL),
(404, 404, 0, NULL, NULL),
(405, 405, 0, NULL, NULL),
(406, 406, 0, NULL, NULL),
(407, 407, 0, NULL, NULL),
(408, 408, 0, NULL, NULL),
(409, 409, 0, NULL, NULL),
(410, 410, 0, NULL, NULL),
(411, 411, 0, NULL, NULL),
(412, 412, 0, NULL, NULL),
(413, 413, 0, NULL, NULL),
(414, 414, 0, NULL, NULL),
(415, 415, 0, NULL, NULL),
(416, 416, 0, NULL, NULL),
(417, 417, 0, NULL, NULL),
(418, 418, 0, NULL, NULL),
(419, 419, 0, NULL, NULL),
(420, 420, 0, NULL, NULL),
(421, 421, 0, NULL, NULL),
(422, 422, 0, NULL, NULL),
(423, 423, 0, NULL, NULL),
(424, 424, 0, NULL, NULL),
(425, 425, 0, NULL, NULL),
(426, 426, 0, NULL, NULL),
(427, 427, 0, NULL, NULL),
(428, 428, 0, NULL, NULL),
(429, 429, 0, NULL, NULL),
(430, 430, 0, NULL, NULL),
(431, 431, 0, NULL, NULL),
(432, 432, 0, NULL, NULL),
(433, 433, 0, NULL, NULL),
(434, 434, 0, NULL, NULL),
(435, 435, 0, NULL, NULL),
(436, 436, 0, NULL, NULL),
(437, 437, 0, NULL, NULL),
(438, 438, 0, NULL, NULL),
(439, 439, 0, NULL, NULL),
(440, 440, 0, NULL, NULL),
(441, 441, 0, NULL, NULL),
(442, 442, 0, NULL, NULL),
(443, 443, 0, NULL, NULL),
(444, 444, 0, NULL, NULL),
(445, 445, 0, NULL, NULL),
(446, 446, 0, NULL, NULL),
(447, 447, 0, NULL, NULL),
(448, 448, 0, NULL, NULL),
(449, 449, 0, NULL, NULL),
(450, 450, 0, NULL, NULL),
(451, 451, 0, NULL, NULL),
(452, 452, 0, NULL, NULL),
(453, 453, 0, NULL, NULL),
(454, 454, 0, NULL, NULL),
(455, 455, 0, NULL, NULL),
(456, 456, 0, NULL, NULL),
(457, 457, 0, NULL, NULL),
(458, 458, 0, NULL, NULL),
(459, 459, 0, NULL, NULL),
(460, 460, 0, NULL, NULL),
(461, 461, 0, NULL, NULL),
(462, 462, 0, NULL, NULL),
(463, 463, 0, NULL, NULL),
(464, 464, 0, NULL, NULL),
(465, 465, 0, NULL, NULL),
(466, 466, 0, NULL, NULL),
(467, 467, 0, NULL, NULL),
(468, 468, 0, NULL, NULL),
(469, 469, 0, NULL, NULL),
(470, 470, 0, NULL, NULL),
(471, 471, 0, NULL, NULL),
(472, 472, 0, NULL, NULL),
(473, 473, 0, NULL, NULL),
(474, 474, 0, NULL, NULL),
(475, 475, 0, NULL, NULL),
(476, 476, 0, NULL, NULL),
(477, 477, 0, NULL, NULL),
(478, 478, 0, NULL, NULL),
(479, 479, 0, NULL, NULL),
(480, 480, 0, NULL, NULL),
(481, 481, 0, NULL, NULL),
(482, 482, 0, NULL, NULL),
(483, 483, 0, NULL, NULL),
(484, 484, 0, NULL, NULL),
(485, 485, 0, NULL, NULL),
(486, 486, 0, NULL, NULL),
(487, 487, 0, NULL, NULL),
(488, 488, 0, NULL, NULL),
(489, 489, 0, NULL, NULL),
(490, 490, 0, NULL, NULL),
(491, 491, 0, NULL, NULL),
(492, 492, 0, NULL, NULL),
(493, 493, 0, NULL, NULL),
(494, 494, 0, NULL, NULL),
(495, 495, 0, NULL, NULL),
(496, 496, 0, NULL, NULL),
(497, 497, 0, NULL, NULL),
(498, 498, 0, NULL, NULL),
(499, 499, 0, NULL, NULL),
(500, 500, 0, NULL, NULL),
(501, 501, 0, NULL, NULL),
(502, 502, 0, NULL, NULL),
(503, 503, 0, NULL, NULL),
(504, 504, 0, NULL, NULL),
(505, 505, 0, NULL, NULL),
(506, 506, 0, NULL, NULL),
(507, 507, 0, NULL, NULL),
(508, 508, 0, NULL, NULL),
(509, 509, 0, NULL, NULL),
(510, 510, 0, NULL, NULL),
(511, 511, 0, NULL, NULL),
(512, 512, 0, NULL, NULL),
(513, 513, 0, NULL, NULL),
(514, 514, 0, NULL, NULL),
(515, 515, 0, NULL, NULL),
(516, 516, 0, NULL, NULL),
(517, 517, 0, NULL, NULL),
(518, 518, 0, NULL, NULL),
(519, 519, 0, NULL, NULL),
(520, 520, 0, NULL, NULL),
(521, 521, 0, NULL, NULL),
(522, 522, 0, NULL, NULL),
(523, 523, 0, NULL, NULL),
(524, 524, 0, NULL, NULL),
(525, 525, 0, NULL, NULL),
(526, 526, 0, NULL, NULL),
(527, 527, 0, NULL, NULL),
(528, 528, 0, NULL, NULL),
(529, 529, 0, NULL, NULL),
(530, 530, 0, NULL, NULL),
(531, 531, 0, NULL, NULL),
(532, 532, 0, NULL, NULL),
(533, 533, 0, NULL, NULL),
(534, 534, 0, NULL, NULL),
(535, 535, 0, NULL, NULL),
(536, 536, 0, NULL, NULL),
(537, 537, 0, NULL, NULL),
(538, 538, 0, NULL, NULL),
(539, 539, 0, NULL, NULL),
(540, 540, 0, NULL, NULL),
(541, 541, 0, NULL, NULL),
(542, 542, 0, NULL, NULL),
(543, 543, 0, NULL, NULL),
(544, 544, 0, NULL, NULL),
(545, 545, 0, NULL, NULL),
(546, 546, 0, NULL, NULL),
(547, 547, 0, NULL, NULL),
(548, 548, 0, NULL, NULL),
(549, 549, 0, NULL, NULL),
(550, 550, 0, NULL, NULL),
(551, 551, 0, NULL, NULL),
(552, 552, 0, NULL, NULL),
(553, 553, 0, NULL, NULL),
(554, 554, 0, NULL, NULL),
(555, 555, 0, NULL, NULL),
(556, 556, 0, NULL, NULL),
(557, 557, 0, NULL, NULL),
(558, 558, 0, NULL, NULL),
(559, 559, 0, NULL, NULL),
(560, 560, 0, NULL, NULL),
(561, 561, 0, NULL, NULL),
(562, 562, 0, NULL, NULL),
(563, 563, 0, NULL, NULL),
(564, 564, 0, NULL, NULL),
(565, 565, 0, NULL, NULL),
(566, 566, 0, NULL, NULL),
(567, 567, 0, NULL, NULL),
(568, 568, 0, NULL, NULL),
(569, 569, 0, NULL, NULL),
(570, 570, 0, NULL, NULL),
(571, 571, 0, NULL, NULL),
(572, 572, 0, NULL, NULL),
(573, 573, 0, NULL, NULL),
(574, 574, 0, NULL, NULL),
(575, 575, 0, NULL, NULL),
(576, 576, 0, NULL, NULL),
(577, 577, 0, NULL, NULL),
(578, 578, 0, NULL, NULL),
(579, 579, 0, NULL, NULL),
(580, 580, 0, NULL, NULL),
(581, 581, 0, NULL, NULL),
(582, 582, 0, NULL, NULL),
(583, 583, 0, NULL, NULL),
(584, 584, 0, NULL, NULL),
(585, 585, 0, NULL, NULL),
(586, 586, 0, NULL, NULL),
(587, 587, 0, NULL, NULL),
(588, 588, 0, NULL, NULL),
(589, 589, 0, NULL, NULL),
(590, 590, 0, NULL, NULL),
(591, 591, 0, NULL, NULL),
(592, 592, 0, NULL, NULL),
(593, 593, 0, NULL, NULL),
(594, 594, 0, NULL, NULL),
(595, 595, 0, NULL, NULL),
(596, 596, 0, NULL, NULL),
(597, 597, 0, NULL, NULL),
(598, 598, 0, NULL, NULL),
(599, 599, 0, NULL, NULL),
(600, 600, 0, NULL, NULL),
(601, 601, 0, NULL, NULL),
(602, 602, 0, NULL, NULL),
(603, 603, 0, NULL, NULL),
(604, 604, 0, NULL, NULL),
(605, 605, 0, NULL, NULL),
(606, 606, 0, NULL, NULL),
(607, 607, 0, NULL, NULL),
(608, 608, 0, NULL, NULL),
(609, 609, 0, NULL, NULL),
(610, 610, 0, NULL, NULL),
(611, 611, 0, NULL, NULL),
(612, 612, 0, NULL, NULL),
(613, 613, 0, NULL, NULL),
(614, 614, 0, NULL, NULL),
(615, 615, 0, NULL, NULL),
(616, 616, 0, NULL, NULL),
(617, 617, 0, NULL, NULL),
(618, 618, 0, NULL, NULL),
(619, 619, 0, NULL, NULL),
(620, 620, 0, NULL, NULL),
(621, 621, 0, NULL, NULL),
(622, 622, 0, NULL, NULL),
(623, 623, 0, NULL, NULL),
(624, 624, 0, NULL, NULL),
(625, 625, 0, NULL, NULL),
(626, 626, 0, NULL, NULL),
(627, 627, 0, NULL, NULL),
(628, 628, 0, NULL, NULL),
(629, 629, 0, NULL, NULL),
(630, 630, 0, NULL, NULL),
(631, 631, 0, NULL, NULL),
(632, 632, 0, NULL, NULL),
(633, 633, 0, NULL, NULL),
(634, 634, 0, NULL, NULL),
(635, 635, 0, NULL, NULL),
(636, 636, 0, NULL, NULL),
(637, 637, 0, NULL, NULL),
(638, 638, 0, NULL, NULL),
(639, 639, 0, NULL, NULL),
(640, 640, 0, NULL, NULL),
(641, 641, 0, NULL, NULL),
(642, 642, 0, NULL, NULL),
(643, 643, 0, NULL, NULL),
(644, 644, 0, NULL, NULL),
(645, 645, 0, NULL, NULL),
(646, 646, 0, NULL, NULL),
(647, 647, 0, NULL, NULL),
(648, 648, 0, NULL, NULL),
(649, 649, 0, NULL, NULL),
(650, 650, 0, NULL, NULL),
(651, 651, 0, NULL, NULL),
(652, 652, 0, NULL, NULL),
(653, 653, 0, NULL, NULL),
(654, 654, 0, NULL, NULL),
(655, 655, 0, NULL, NULL),
(656, 656, 0, NULL, NULL),
(657, 657, 0, NULL, NULL),
(658, 658, 0, NULL, NULL),
(659, 659, 0, NULL, NULL),
(660, 660, 0, NULL, NULL),
(661, 661, 0, NULL, NULL),
(662, 662, 0, NULL, NULL),
(663, 663, 0, NULL, NULL),
(664, 664, 0, NULL, NULL),
(665, 665, 0, NULL, NULL),
(666, 666, 0, NULL, NULL),
(667, 667, 0, NULL, NULL),
(668, 668, 0, NULL, NULL),
(669, 669, 0, NULL, NULL),
(670, 670, 0, NULL, NULL),
(671, 671, 0, NULL, NULL),
(672, 672, 0, NULL, NULL),
(673, 673, 0, NULL, NULL),
(674, 674, 0, NULL, NULL),
(675, 675, 0, NULL, NULL),
(676, 676, 0, NULL, NULL),
(677, 677, 0, NULL, NULL),
(678, 678, 0, NULL, NULL),
(679, 679, 0, NULL, NULL),
(680, 680, 0, NULL, NULL),
(681, 681, 0, NULL, NULL),
(682, 682, 0, NULL, NULL),
(683, 683, 0, NULL, NULL),
(684, 684, 0, NULL, NULL),
(685, 685, 0, NULL, NULL),
(686, 686, 0, NULL, NULL),
(687, 687, 0, NULL, NULL),
(688, 688, 0, NULL, NULL),
(689, 689, 0, NULL, NULL),
(690, 690, 0, NULL, NULL),
(691, 691, 0, NULL, NULL),
(692, 692, 0, NULL, NULL),
(693, 693, 0, NULL, NULL),
(694, 694, 0, NULL, NULL),
(695, 695, 0, NULL, NULL),
(696, 696, 0, NULL, NULL),
(697, 697, 0, NULL, NULL),
(698, 698, 0, NULL, NULL),
(699, 699, 0, NULL, NULL),
(700, 700, 0, NULL, NULL),
(701, 701, 0, NULL, NULL),
(702, 702, 0, NULL, NULL),
(703, 703, 0, NULL, NULL),
(704, 704, 0, NULL, NULL),
(705, 705, 0, NULL, NULL),
(706, 706, 0, NULL, NULL),
(707, 707, 0, NULL, NULL),
(708, 708, 0, NULL, NULL),
(709, 709, 0, NULL, NULL),
(710, 710, 0, NULL, NULL),
(711, 711, 0, NULL, NULL),
(712, 712, 0, NULL, NULL),
(713, 713, 0, NULL, NULL),
(714, 714, 0, NULL, NULL),
(715, 715, 0, NULL, NULL),
(716, 716, 0, NULL, NULL),
(717, 717, 0, NULL, NULL),
(718, 718, 0, NULL, NULL),
(719, 719, 0, NULL, NULL),
(720, 720, 0, NULL, NULL),
(721, 721, 0, NULL, NULL),
(722, 722, 0, NULL, NULL),
(723, 723, 0, NULL, NULL),
(724, 724, 0, NULL, NULL),
(725, 725, 0, NULL, NULL),
(726, 726, 0, NULL, NULL),
(727, 727, 0, NULL, NULL),
(728, 728, 0, NULL, NULL),
(729, 729, 0, NULL, NULL),
(730, 730, 0, NULL, NULL),
(731, 731, 0, NULL, NULL),
(732, 732, 0, NULL, NULL),
(733, 733, 0, NULL, NULL),
(734, 734, 0, NULL, NULL),
(735, 735, 0, NULL, NULL),
(736, 736, 0, NULL, NULL),
(737, 737, 0, NULL, NULL),
(738, 738, 0, NULL, NULL),
(739, 739, 0, NULL, NULL),
(740, 740, 0, NULL, NULL),
(741, 741, 0, NULL, NULL),
(742, 742, 0, NULL, NULL),
(743, 743, 0, NULL, NULL),
(744, 744, 0, NULL, NULL),
(745, 745, 0, NULL, NULL),
(746, 746, 0, NULL, NULL),
(747, 747, 0, NULL, NULL),
(748, 748, 0, NULL, NULL),
(749, 749, 0, NULL, NULL),
(750, 750, 0, NULL, NULL),
(751, 751, 0, NULL, NULL),
(752, 752, 0, NULL, NULL),
(753, 753, 0, NULL, NULL),
(754, 754, 0, NULL, NULL),
(755, 755, 0, NULL, NULL),
(756, 756, 0, NULL, NULL),
(757, 757, 0, NULL, NULL),
(758, 758, 0, NULL, NULL),
(759, 759, 0, NULL, NULL),
(760, 760, 0, NULL, NULL),
(761, 761, 0, NULL, NULL),
(762, 762, 0, NULL, NULL),
(763, 763, 0, NULL, NULL),
(764, 764, 0, NULL, NULL),
(765, 765, 0, NULL, NULL),
(766, 766, 0, NULL, NULL),
(767, 767, 0, NULL, NULL),
(768, 768, 0, NULL, NULL),
(769, 769, 0, NULL, NULL),
(770, 770, 0, NULL, NULL),
(771, 771, 0, NULL, NULL),
(772, 772, 0, NULL, NULL),
(773, 773, 0, NULL, NULL),
(774, 774, 0, NULL, NULL),
(775, 775, 0, NULL, NULL),
(776, 776, 0, NULL, NULL),
(777, 777, 0, NULL, NULL),
(778, 778, 0, NULL, NULL),
(779, 779, 0, NULL, NULL),
(780, 780, 0, NULL, NULL),
(781, 781, 0, NULL, NULL),
(782, 782, 0, NULL, NULL),
(783, 783, 0, NULL, NULL),
(784, 784, 0, NULL, NULL),
(785, 785, 0, NULL, NULL),
(786, 786, 0, NULL, NULL),
(787, 787, 0, NULL, NULL),
(788, 788, 0, NULL, NULL),
(789, 789, 0, NULL, NULL),
(790, 790, 0, NULL, NULL),
(791, 791, 0, NULL, NULL),
(792, 792, 0, NULL, NULL),
(793, 793, 0, NULL, NULL),
(794, 794, 0, NULL, NULL),
(795, 795, 0, NULL, NULL),
(796, 796, 0, NULL, NULL),
(797, 797, 0, NULL, NULL),
(798, 798, 0, NULL, NULL),
(799, 799, 0, NULL, NULL),
(800, 800, 0, NULL, NULL),
(801, 801, 0, NULL, NULL),
(802, 802, 0, NULL, NULL),
(803, 803, 0, NULL, NULL),
(804, 804, 0, NULL, NULL),
(805, 805, 0, NULL, NULL),
(806, 806, 0, NULL, NULL),
(807, 807, 0, NULL, NULL),
(808, 808, 0, NULL, NULL),
(809, 809, 0, NULL, NULL),
(810, 810, 0, NULL, NULL),
(811, 811, 0, NULL, NULL),
(812, 812, 0, NULL, NULL),
(813, 813, 0, NULL, NULL),
(814, 814, 0, NULL, NULL),
(815, 815, 0, NULL, NULL),
(816, 816, 0, NULL, NULL),
(817, 817, 0, NULL, NULL),
(818, 818, 0, NULL, NULL),
(819, 819, 0, NULL, NULL),
(820, 820, 0, NULL, NULL),
(821, 821, 0, NULL, NULL),
(822, 822, 0, NULL, NULL),
(823, 823, 0, NULL, NULL),
(824, 824, 0, NULL, NULL),
(825, 825, 0, NULL, NULL),
(826, 826, 0, NULL, NULL),
(827, 827, 0, NULL, NULL),
(828, 828, 0, NULL, NULL),
(829, 829, 0, NULL, NULL),
(830, 830, 0, NULL, NULL),
(831, 831, 0, NULL, NULL),
(832, 832, 0, NULL, NULL),
(833, 833, 0, NULL, NULL),
(834, 834, 0, NULL, NULL),
(835, 835, 0, NULL, NULL),
(836, 836, 0, NULL, NULL),
(837, 837, 0, NULL, NULL),
(838, 838, 0, NULL, NULL),
(839, 839, 0, NULL, NULL),
(840, 840, 0, NULL, NULL),
(841, 841, 0, NULL, NULL),
(842, 842, 0, NULL, NULL),
(843, 843, 0, NULL, NULL),
(844, 844, 0, NULL, NULL),
(845, 845, 0, NULL, NULL),
(846, 846, 0, NULL, NULL),
(847, 847, 0, NULL, NULL),
(848, 848, 0, NULL, NULL),
(849, 849, 0, NULL, NULL),
(850, 850, 0, NULL, NULL),
(851, 851, 0, NULL, NULL),
(852, 852, 0, NULL, NULL),
(853, 853, 0, NULL, NULL),
(854, 854, 0, NULL, NULL),
(855, 855, 0, NULL, NULL),
(856, 856, 0, NULL, NULL),
(857, 857, 0, NULL, NULL),
(858, 858, 0, NULL, NULL),
(859, 859, 0, NULL, NULL),
(860, 860, 0, NULL, NULL),
(861, 861, 0, NULL, NULL),
(862, 862, 0, NULL, NULL),
(863, 863, 0, NULL, NULL),
(864, 864, 0, NULL, NULL),
(865, 865, 0, NULL, NULL),
(866, 866, 0, NULL, NULL),
(867, 867, 0, NULL, NULL),
(868, 868, 0, NULL, NULL),
(869, 869, 0, NULL, NULL),
(870, 870, 0, NULL, NULL),
(871, 871, 0, NULL, NULL),
(872, 872, 0, NULL, NULL),
(873, 873, 0, NULL, NULL),
(874, 874, 0, NULL, NULL),
(875, 875, 0, NULL, NULL),
(876, 876, 0, NULL, NULL),
(877, 877, 0, NULL, NULL),
(878, 878, 0, NULL, NULL),
(879, 879, 0, NULL, NULL),
(880, 880, 0, NULL, NULL),
(881, 881, 0, NULL, NULL),
(882, 882, 0, NULL, NULL),
(883, 883, 0, NULL, NULL),
(884, 884, 0, NULL, NULL),
(885, 885, 0, NULL, NULL),
(886, 886, 0, NULL, NULL),
(887, 887, 0, NULL, NULL),
(888, 888, 0, NULL, NULL),
(889, 889, 0, NULL, NULL),
(890, 890, 0, NULL, NULL),
(891, 891, 0, NULL, NULL),
(892, 892, 0, NULL, NULL),
(893, 893, 0, NULL, NULL),
(894, 894, 0, NULL, NULL),
(895, 895, 0, NULL, NULL),
(896, 896, 0, NULL, NULL),
(897, 897, 0, NULL, NULL),
(898, 898, 0, NULL, NULL),
(899, 899, 0, NULL, NULL),
(900, 900, 0, NULL, NULL),
(901, 901, 0, NULL, NULL),
(902, 902, 0, NULL, NULL),
(903, 903, 0, NULL, NULL),
(904, 904, 0, NULL, NULL),
(905, 905, 0, NULL, NULL),
(906, 906, 0, NULL, NULL),
(907, 907, 0, NULL, NULL),
(908, 908, 0, NULL, NULL),
(909, 909, 0, NULL, NULL),
(910, 910, 0, NULL, NULL),
(911, 911, 0, NULL, NULL),
(912, 912, 0, NULL, NULL),
(913, 913, 0, NULL, NULL),
(914, 914, 0, NULL, NULL),
(915, 915, 0, NULL, NULL),
(916, 916, 0, NULL, NULL),
(917, 917, 0, NULL, NULL),
(918, 918, 0, NULL, NULL),
(919, 919, 0, NULL, NULL),
(920, 920, 0, NULL, NULL),
(921, 921, 0, NULL, NULL),
(922, 922, 0, NULL, NULL),
(923, 923, 0, NULL, NULL),
(924, 924, 0, NULL, NULL),
(925, 925, 0, NULL, NULL),
(926, 926, 0, NULL, NULL),
(927, 927, 0, NULL, NULL),
(928, 928, 0, NULL, NULL),
(929, 929, 0, NULL, NULL),
(930, 930, 0, NULL, NULL),
(931, 931, 0, NULL, NULL),
(932, 932, 0, NULL, NULL),
(933, 933, 0, NULL, NULL),
(934, 934, 0, NULL, NULL),
(935, 935, 0, NULL, NULL),
(936, 936, 0, NULL, NULL),
(937, 937, 0, NULL, NULL),
(938, 938, 0, NULL, NULL),
(939, 939, 0, NULL, NULL),
(940, 940, 0, NULL, NULL),
(941, 941, 0, NULL, NULL),
(942, 942, 0, NULL, NULL),
(943, 943, 0, NULL, NULL),
(944, 944, 0, NULL, NULL),
(945, 945, 0, NULL, NULL),
(946, 946, 0, NULL, NULL),
(947, 947, 0, NULL, NULL),
(948, 948, 0, NULL, NULL),
(949, 949, 0, NULL, NULL),
(950, 950, 0, NULL, NULL),
(951, 951, 0, NULL, NULL),
(952, 952, 0, NULL, NULL),
(953, 953, 0, NULL, NULL),
(954, 954, 0, NULL, NULL),
(955, 955, 0, NULL, NULL),
(956, 956, 0, NULL, NULL),
(957, 957, 0, NULL, NULL),
(958, 958, 0, NULL, NULL),
(959, 959, 0, NULL, NULL),
(960, 960, 0, NULL, NULL),
(961, 961, 0, NULL, NULL),
(962, 962, 0, NULL, NULL),
(963, 963, 0, NULL, NULL),
(964, 964, 0, NULL, NULL),
(965, 965, 0, NULL, NULL),
(966, 966, 0, NULL, NULL),
(967, 967, 0, NULL, NULL),
(968, 968, 0, NULL, NULL),
(969, 969, 0, NULL, NULL),
(970, 970, 0, NULL, NULL),
(971, 971, 0, NULL, NULL),
(972, 972, 0, NULL, NULL),
(973, 973, 0, NULL, NULL),
(974, 974, 0, NULL, NULL),
(975, 975, 0, NULL, NULL),
(976, 976, 0, NULL, NULL),
(977, 977, 0, NULL, NULL),
(978, 978, 0, NULL, NULL),
(979, 979, 0, NULL, NULL),
(980, 980, 0, NULL, NULL),
(981, 981, 0, NULL, NULL),
(982, 982, 0, NULL, NULL),
(983, 983, 0, NULL, NULL),
(984, 984, 0, NULL, NULL),
(985, 985, 0, NULL, NULL),
(986, 986, 0, NULL, NULL),
(987, 987, 0, NULL, NULL),
(988, 988, 0, NULL, NULL),
(989, 989, 0, NULL, NULL),
(990, 990, 0, NULL, NULL),
(991, 991, 0, NULL, NULL),
(992, 992, 0, NULL, NULL),
(993, 993, 0, NULL, NULL),
(994, 994, 0, NULL, NULL),
(995, 995, 0, NULL, NULL),
(996, 996, 0, NULL, NULL),
(997, 997, 0, NULL, NULL),
(998, 998, 0, NULL, NULL),
(999, 999, 0, NULL, NULL),
(1000, 1000, 0, NULL, NULL),
(1001, 1001, 0, NULL, NULL),
(1002, 1002, 0, NULL, NULL),
(1003, 1003, 0, NULL, NULL),
(1004, 1004, 0, NULL, NULL),
(1005, 1005, 0, NULL, NULL),
(1006, 1006, 0, NULL, NULL),
(1007, 1007, 0, NULL, NULL),
(1008, 1008, 0, NULL, NULL),
(1009, 1009, 0, NULL, NULL),
(1010, 1010, 0, NULL, NULL),
(1011, 1011, 0, NULL, NULL),
(1012, 1012, 0, NULL, NULL),
(1013, 1013, 0, NULL, NULL),
(1014, 1014, 0, NULL, NULL),
(1015, 1015, 0, NULL, NULL),
(1016, 1016, 0, NULL, NULL),
(1017, 1017, 0, NULL, NULL),
(1018, 1018, 0, NULL, NULL),
(1019, 1019, 0, NULL, NULL),
(1020, 1020, 0, NULL, NULL),
(1021, 1021, 0, NULL, NULL),
(1022, 1022, 0, NULL, NULL),
(1023, 1023, 0, NULL, NULL),
(1024, 1024, 0, NULL, NULL),
(1025, 1025, 0, NULL, NULL),
(1026, 1026, 0, NULL, NULL),
(1027, 1027, 0, NULL, NULL),
(1028, 1028, 0, NULL, NULL),
(1029, 1029, 0, NULL, NULL),
(1030, 1030, 0, NULL, NULL),
(1031, 1031, 0, NULL, NULL),
(1032, 1032, 0, NULL, NULL),
(1033, 1033, 0, NULL, NULL),
(1034, 1034, 0, NULL, NULL),
(1035, 1035, 0, NULL, NULL),
(1036, 1036, 0, NULL, NULL),
(1037, 1037, 0, NULL, NULL),
(1038, 1038, 0, NULL, NULL),
(1039, 1039, 0, NULL, NULL),
(1040, 1040, 0, NULL, NULL),
(1041, 1041, 0, NULL, NULL),
(1042, 1042, 0, NULL, NULL),
(1043, 1043, 0, NULL, NULL),
(1044, 1044, 0, NULL, NULL),
(1045, 1045, 0, NULL, NULL),
(1046, 1046, 0, NULL, NULL),
(1047, 1047, 0, NULL, NULL),
(1048, 1048, 0, NULL, NULL),
(1049, 1049, 0, NULL, NULL),
(1050, 1050, 0, NULL, NULL),
(1051, 1051, 0, NULL, NULL),
(1052, 1052, 0, NULL, NULL),
(1053, 1053, 0, NULL, NULL),
(1054, 1054, 0, NULL, NULL),
(1055, 1055, 0, NULL, NULL),
(1056, 1056, 0, NULL, NULL),
(1057, 1057, 0, NULL, NULL),
(1058, 1058, 0, NULL, NULL),
(1059, 1059, 0, NULL, NULL),
(1060, 1060, 0, NULL, NULL),
(1061, 1061, 0, NULL, NULL),
(1062, 1062, 0, NULL, NULL),
(1063, 1063, 0, NULL, NULL),
(1064, 1064, 0, NULL, NULL),
(1065, 1065, 0, NULL, NULL),
(1066, 1066, 0, NULL, NULL),
(1067, 1067, 0, NULL, NULL),
(1068, 1068, 0, NULL, NULL),
(1069, 1069, 0, NULL, NULL),
(1070, 1070, 0, NULL, NULL),
(1071, 1071, 0, NULL, NULL),
(1072, 1072, 0, NULL, NULL),
(1073, 1073, 0, NULL, NULL),
(1074, 1074, 0, NULL, NULL),
(1075, 1075, 0, NULL, NULL),
(1076, 1076, 0, NULL, NULL),
(1077, 1077, 0, NULL, NULL),
(1078, 1078, 0, NULL, NULL),
(1079, 1079, 0, NULL, NULL),
(1080, 1080, 0, NULL, NULL),
(1081, 1081, 0, NULL, NULL),
(1082, 1082, 0, NULL, NULL),
(1083, 1083, 0, NULL, NULL),
(1084, 1084, 0, NULL, NULL),
(1085, 1085, 0, NULL, NULL),
(1086, 1086, 0, NULL, NULL),
(1087, 1087, 0, NULL, NULL),
(1088, 1088, 0, NULL, NULL),
(1089, 1089, 0, NULL, NULL),
(1090, 1090, 0, NULL, NULL),
(1091, 1091, 0, NULL, NULL),
(1092, 1092, 0, NULL, NULL),
(1093, 1093, 0, NULL, NULL),
(1094, 1094, 0, NULL, NULL),
(1095, 1095, 0, NULL, NULL),
(1096, 1096, 0, NULL, NULL),
(1097, 1097, 0, NULL, NULL),
(1098, 1098, 0, NULL, NULL),
(1099, 1099, 0, NULL, NULL),
(1100, 1100, 0, NULL, NULL),
(1101, 1101, 0, NULL, NULL),
(1102, 1102, 0, NULL, NULL),
(1103, 1103, 0, NULL, NULL),
(1104, 1104, 0, NULL, NULL),
(1105, 1105, 0, NULL, NULL),
(1106, 1106, 0, NULL, NULL),
(1107, 1107, 0, NULL, NULL),
(1108, 1108, 0, NULL, NULL),
(1109, 1109, 0, NULL, NULL),
(1110, 1110, 0, NULL, NULL),
(1111, 1111, 0, NULL, NULL),
(1112, 1112, 0, NULL, NULL),
(1113, 1113, 0, NULL, NULL),
(1114, 1114, 0, NULL, NULL),
(1115, 1115, 0, NULL, NULL),
(1116, 1116, 0, NULL, NULL),
(1117, 1117, 0, NULL, NULL),
(1118, 1118, 0, NULL, NULL),
(1119, 1119, 0, NULL, NULL),
(1120, 1120, 0, NULL, NULL),
(1121, 1121, 0, NULL, NULL),
(1122, 1122, 0, NULL, NULL),
(1123, 1123, 0, NULL, NULL),
(1124, 1124, 0, NULL, NULL),
(1125, 1125, 0, NULL, NULL),
(1126, 1126, 0, NULL, NULL),
(1127, 1127, 0, NULL, NULL),
(1128, 1128, 0, NULL, NULL),
(1129, 1129, 0, NULL, NULL),
(1130, 1130, 0, NULL, NULL),
(1131, 1131, 0, NULL, NULL),
(1132, 1132, 0, NULL, NULL),
(1133, 1133, 0, NULL, NULL),
(1134, 1134, 0, NULL, NULL),
(1135, 1135, 0, NULL, NULL),
(1136, 1136, 0, NULL, NULL),
(1137, 1137, 0, NULL, NULL),
(1138, 1138, 0, NULL, NULL),
(1139, 1139, 0, NULL, NULL),
(1140, 1140, 0, NULL, NULL),
(1141, 1141, 0, NULL, NULL),
(1142, 1142, 0, NULL, NULL),
(1143, 1143, 0, NULL, NULL),
(1144, 1144, 0, NULL, NULL),
(1145, 1145, 0, NULL, NULL),
(1146, 1146, 0, NULL, NULL),
(1147, 1147, 0, NULL, NULL),
(1148, 1148, 0, NULL, NULL),
(1149, 1149, 0, NULL, NULL),
(1150, 1150, 0, NULL, NULL),
(1151, 1151, 0, NULL, NULL),
(1152, 1152, 0, NULL, NULL),
(1153, 1153, 0, NULL, NULL),
(1154, 1154, 0, NULL, NULL),
(1155, 1155, 0, NULL, NULL),
(1156, 1156, 0, NULL, NULL),
(1157, 1157, 0, NULL, NULL),
(1158, 1158, 0, NULL, NULL),
(1159, 1159, 0, NULL, NULL),
(1160, 1160, 0, NULL, NULL),
(1161, 1161, 0, NULL, NULL),
(1162, 1162, 0, NULL, NULL),
(1163, 1163, 0, NULL, NULL),
(1164, 1164, 0, NULL, NULL),
(1165, 1165, 0, NULL, NULL),
(1166, 1166, 0, NULL, NULL),
(1167, 1167, 0, NULL, NULL),
(1168, 1168, 0, NULL, NULL),
(1169, 1169, 0, NULL, NULL),
(1170, 1170, 0, NULL, NULL),
(1171, 1171, 0, NULL, NULL),
(1172, 1172, 0, NULL, NULL),
(1173, 1173, 0, NULL, NULL),
(1174, 1174, 0, NULL, NULL),
(1175, 1175, 0, NULL, NULL),
(1176, 1176, 0, NULL, NULL),
(1177, 1177, 0, NULL, NULL),
(1178, 1178, 0, NULL, NULL),
(1179, 1179, 0, NULL, NULL),
(1180, 1180, 0, NULL, NULL),
(1181, 1181, 0, NULL, NULL),
(1182, 1182, 0, NULL, NULL),
(1183, 1183, 0, NULL, NULL),
(1184, 1184, 0, NULL, NULL),
(1185, 1185, 0, NULL, NULL),
(1186, 1186, 0, NULL, NULL),
(1187, 1187, 0, NULL, NULL),
(1188, 1188, 0, NULL, NULL),
(1189, 1189, 0, NULL, NULL),
(1190, 1190, 0, NULL, NULL),
(1191, 1191, 0, NULL, NULL),
(1192, 1192, 0, NULL, NULL),
(1193, 1193, 0, NULL, NULL),
(1194, 1194, 0, NULL, NULL),
(1195, 1195, 0, NULL, NULL),
(1196, 1196, 0, NULL, NULL),
(1197, 1197, 0, NULL, NULL),
(1198, 1198, 0, NULL, NULL),
(1199, 1199, 0, NULL, NULL),
(1200, 1200, 0, NULL, NULL),
(1201, 1201, 0, NULL, NULL),
(1202, 1202, 0, NULL, NULL),
(1203, 1203, 0, NULL, NULL),
(1204, 1204, 0, NULL, NULL),
(1205, 1205, 0, NULL, NULL),
(1206, 1206, 0, NULL, NULL),
(1207, 1207, 0, NULL, NULL),
(1208, 1208, 0, NULL, NULL),
(1209, 1209, 0, NULL, NULL),
(1210, 1210, 0, NULL, NULL),
(1211, 1211, 0, NULL, NULL),
(1212, 1212, 0, NULL, NULL),
(1213, 1213, 0, NULL, NULL),
(1214, 1214, 0, NULL, NULL),
(1215, 1215, 0, NULL, NULL),
(1216, 1216, 0, NULL, NULL),
(1217, 1217, 0, NULL, NULL),
(1218, 1218, 0, NULL, NULL),
(1219, 1219, 0, NULL, NULL),
(1220, 1220, 0, NULL, NULL),
(1221, 1221, 0, NULL, NULL),
(1222, 1222, 0, NULL, NULL),
(1223, 1223, 0, NULL, NULL),
(1224, 1224, 0, NULL, NULL),
(1225, 1225, 0, NULL, NULL),
(1226, 1226, 0, NULL, NULL),
(1227, 1227, 0, NULL, NULL),
(1228, 1228, 0, NULL, NULL),
(1229, 1229, 0, NULL, NULL),
(1230, 1230, 0, NULL, NULL),
(1231, 1231, 0, NULL, NULL),
(1232, 1232, 0, NULL, NULL),
(1233, 1233, 0, NULL, NULL),
(1234, 1234, 0, NULL, NULL),
(1235, 1235, 0, NULL, NULL),
(1236, 1236, 0, NULL, NULL),
(1237, 1237, 0, NULL, NULL),
(1238, 1238, 0, NULL, NULL),
(1239, 1239, 0, NULL, NULL),
(1240, 1240, 0, NULL, NULL),
(1241, 1241, 0, NULL, NULL),
(1242, 1242, 0, NULL, NULL),
(1243, 1243, 0, NULL, NULL),
(1244, 1244, 0, NULL, NULL),
(1245, 1245, 0, NULL, NULL),
(1246, 1246, 0, NULL, NULL),
(1247, 1247, 0, NULL, NULL),
(1248, 1248, 0, NULL, NULL),
(1249, 1249, 0, NULL, NULL),
(1250, 1250, 0, NULL, NULL),
(1251, 1251, 0, NULL, NULL),
(1252, 1252, 0, NULL, NULL),
(1253, 1253, 0, NULL, NULL),
(1254, 1254, 0, NULL, NULL),
(1255, 1255, 0, NULL, NULL),
(1256, 1256, 0, NULL, NULL),
(1257, 1257, 0, NULL, NULL),
(1258, 1258, 0, NULL, NULL),
(1259, 1259, 0, NULL, NULL),
(1260, 1260, 0, NULL, NULL),
(1261, 1261, 0, NULL, NULL),
(1262, 1262, 0, NULL, NULL),
(1263, 1263, 0, NULL, NULL),
(1264, 1264, 0, NULL, NULL),
(1265, 1265, 0, NULL, NULL),
(1266, 1266, 0, NULL, NULL),
(1267, 1267, 0, NULL, NULL),
(1268, 1268, 0, NULL, NULL),
(1269, 1269, 0, NULL, NULL),
(1270, 1270, 0, NULL, NULL),
(1271, 1271, 0, NULL, NULL),
(1272, 1272, 0, NULL, NULL),
(1273, 1273, 0, NULL, NULL),
(1274, 1274, 0, NULL, NULL),
(1275, 1275, 0, NULL, NULL),
(1276, 1276, 0, NULL, NULL),
(1277, 1277, 0, NULL, NULL),
(1278, 1278, 0, NULL, NULL),
(1279, 1279, 0, NULL, NULL),
(1280, 1280, 0, NULL, NULL),
(1281, 1281, 0, NULL, NULL),
(1282, 1282, 0, NULL, NULL),
(1283, 1283, 0, NULL, NULL),
(1284, 1284, 0, NULL, NULL),
(1285, 1285, 0, NULL, NULL),
(1286, 1286, 0, NULL, NULL),
(1287, 1287, 0, NULL, NULL),
(1288, 1288, 0, NULL, NULL),
(1289, 1289, 0, NULL, NULL),
(1290, 1290, 0, NULL, NULL),
(1291, 1291, 0, NULL, NULL),
(1292, 1292, 0, NULL, NULL),
(1293, 1293, 0, NULL, NULL),
(1294, 1294, 0, NULL, NULL),
(1295, 1295, 0, NULL, NULL),
(1296, 1296, 0, NULL, NULL),
(1297, 1297, 0, NULL, NULL),
(1298, 1298, 0, NULL, NULL),
(1299, 1299, 0, NULL, NULL),
(1300, 1300, 0, NULL, NULL),
(1301, 1301, 0, NULL, NULL),
(1302, 1302, 0, NULL, NULL),
(1303, 1303, 0, NULL, NULL),
(1304, 1304, 0, NULL, NULL),
(1305, 1305, 0, NULL, NULL),
(1306, 1306, 0, NULL, NULL),
(1307, 1307, 0, NULL, NULL),
(1308, 1308, 0, NULL, NULL),
(1309, 1309, 0, NULL, NULL),
(1310, 1310, 0, NULL, NULL),
(1311, 1311, 0, NULL, NULL),
(1312, 1312, 0, NULL, NULL),
(1313, 1313, 0, NULL, NULL),
(1314, 1314, 0, NULL, NULL),
(1315, 1315, 0, NULL, NULL),
(1316, 1316, 0, NULL, NULL),
(1317, 1317, 0, NULL, NULL),
(1318, 1318, 0, NULL, NULL),
(1319, 1319, 0, NULL, NULL),
(1320, 1320, 0, NULL, NULL),
(1321, 1321, 0, NULL, NULL),
(1322, 1322, 0, NULL, NULL),
(1323, 1323, 0, NULL, NULL),
(1324, 1324, 0, NULL, NULL),
(1325, 1325, 0, NULL, NULL),
(1326, 1326, 0, NULL, NULL),
(1327, 1327, 0, NULL, NULL),
(1328, 1328, 0, NULL, NULL),
(1329, 1329, 0, NULL, NULL),
(1330, 1330, 0, NULL, NULL),
(1331, 1331, 0, NULL, NULL),
(1332, 1332, 0, NULL, NULL),
(1333, 1333, 0, NULL, NULL),
(1334, 1334, 0, NULL, NULL),
(1335, 1335, 0, NULL, NULL),
(1336, 1336, 0, NULL, NULL),
(1337, 1337, 0, NULL, NULL),
(1338, 1338, 0, NULL, NULL),
(1339, 1339, 0, NULL, NULL),
(1340, 1340, 0, NULL, NULL),
(1341, 1341, 0, NULL, NULL),
(1342, 1342, 0, NULL, NULL),
(1343, 1343, 0, NULL, NULL),
(1344, 1344, 0, NULL, NULL),
(1345, 1345, 0, NULL, NULL),
(1346, 1346, 0, NULL, NULL),
(1347, 1347, 0, NULL, NULL),
(1348, 1348, 0, NULL, NULL),
(1349, 1349, 0, NULL, NULL),
(1350, 1350, 0, NULL, NULL),
(1351, 1351, 0, NULL, NULL),
(1352, 1352, 0, NULL, NULL),
(1353, 1353, 0, NULL, NULL),
(1354, 1354, 0, NULL, NULL),
(1355, 1355, 0, NULL, NULL),
(1356, 1356, 0, NULL, NULL),
(1357, 1357, 0, NULL, NULL),
(1358, 1358, 0, NULL, NULL),
(1359, 1359, 0, NULL, NULL),
(1360, 1360, 0, NULL, NULL),
(1361, 1361, 0, NULL, NULL),
(1362, 1362, 0, NULL, NULL),
(1363, 1363, 0, NULL, NULL),
(1364, 1364, 0, NULL, NULL),
(1365, 1365, 0, NULL, NULL),
(1366, 1366, 0, NULL, NULL),
(1367, 1367, 0, NULL, NULL),
(1368, 1368, 0, NULL, NULL),
(1369, 1369, 0, NULL, NULL),
(1370, 1370, 0, NULL, NULL),
(1371, 1371, 0, NULL, NULL),
(1372, 1372, 0, NULL, NULL),
(1373, 1373, 0, NULL, NULL),
(1374, 1374, 0, NULL, NULL),
(1375, 1375, 0, NULL, NULL),
(1376, 1376, 0, NULL, NULL),
(1377, 1377, 0, NULL, NULL),
(1378, 1378, 0, NULL, NULL),
(1379, 1379, 0, NULL, NULL),
(1380, 1380, 0, NULL, NULL),
(1381, 1381, 0, NULL, NULL),
(1382, 1382, 0, NULL, NULL),
(1383, 1383, 0, NULL, NULL),
(1384, 1384, 0, NULL, NULL),
(1385, 1385, 0, NULL, NULL),
(1386, 1386, 0, NULL, NULL),
(1387, 1387, 0, NULL, NULL),
(1388, 1388, 0, NULL, NULL),
(1389, 1389, 0, NULL, NULL),
(1390, 1390, 0, NULL, NULL),
(1391, 1391, 0, NULL, NULL),
(1392, 1392, 0, NULL, NULL),
(1393, 1393, 0, NULL, NULL),
(1394, 1394, 0, NULL, NULL),
(1395, 1395, 0, NULL, NULL),
(1396, 1396, 0, NULL, NULL),
(1397, 1397, 0, NULL, NULL),
(1398, 1398, 0, NULL, NULL),
(1399, 1399, 0, NULL, NULL),
(1400, 1400, 0, NULL, NULL),
(1401, 1401, 0, NULL, NULL),
(1402, 1402, 0, NULL, NULL),
(1403, 1403, 0, NULL, NULL),
(1404, 1404, 0, NULL, NULL),
(1405, 1405, 0, NULL, NULL),
(1406, 1406, 0, NULL, NULL),
(1407, 1407, 0, NULL, NULL),
(1408, 1408, 0, NULL, NULL),
(1409, 1409, 0, NULL, NULL),
(1410, 1410, 0, NULL, NULL),
(1411, 1411, 0, NULL, NULL),
(1412, 1412, 0, NULL, NULL),
(1413, 1413, 0, NULL, NULL),
(1414, 1414, 0, NULL, NULL),
(1415, 1415, 0, NULL, NULL),
(1416, 1416, 0, NULL, NULL),
(1417, 1417, 0, NULL, NULL),
(1418, 1418, 0, NULL, NULL),
(1419, 1419, 0, NULL, NULL),
(1420, 1420, 0, NULL, NULL),
(1421, 1421, 0, NULL, NULL),
(1422, 1422, 0, NULL, NULL),
(1423, 1423, 0, NULL, NULL),
(1424, 1424, 0, NULL, NULL),
(1425, 1425, 0, NULL, NULL),
(1426, 1426, 0, NULL, NULL),
(1427, 1427, 0, NULL, NULL),
(1428, 1428, 0, NULL, NULL),
(1429, 1429, 0, NULL, NULL),
(1430, 1430, 0, NULL, NULL),
(1431, 1431, 0, NULL, NULL),
(1432, 1432, 0, NULL, NULL),
(1433, 1433, 0, NULL, NULL),
(1434, 1434, 0, NULL, NULL),
(1435, 1435, 0, NULL, NULL),
(1436, 1436, 0, NULL, NULL),
(1437, 1437, 0, NULL, NULL),
(1438, 1438, 0, NULL, NULL),
(1439, 1439, 0, NULL, NULL),
(1440, 1440, 0, NULL, NULL),
(1441, 1441, 0, NULL, NULL),
(1442, 1442, 0, NULL, NULL),
(1443, 1443, 0, NULL, NULL),
(1444, 1444, 0, NULL, NULL),
(1445, 1445, 0, NULL, NULL),
(1446, 1446, 0, NULL, NULL),
(1447, 1447, 0, NULL, NULL),
(1448, 1448, 0, NULL, NULL),
(1449, 1449, 0, NULL, NULL),
(1450, 1450, 0, NULL, NULL),
(1451, 1451, 0, NULL, NULL),
(1452, 1452, 0, NULL, NULL),
(1453, 1453, 0, NULL, NULL),
(1454, 1454, 0, NULL, NULL),
(1455, 1455, 0, NULL, NULL),
(1456, 1456, 0, NULL, NULL),
(1457, 1457, 0, NULL, NULL),
(1458, 1458, 0, NULL, NULL),
(1459, 1459, 0, NULL, NULL),
(1460, 1460, 0, NULL, NULL),
(1461, 1461, 0, NULL, NULL),
(1462, 1462, 0, NULL, NULL),
(1463, 1463, 0, NULL, NULL),
(1464, 1464, 0, NULL, NULL),
(1465, 1465, 0, NULL, NULL),
(1466, 1466, 0, NULL, NULL),
(1467, 1467, 0, NULL, NULL),
(1468, 1468, 0, NULL, NULL),
(1469, 1469, 0, NULL, NULL),
(1470, 1470, 0, NULL, NULL),
(1471, 1471, 0, NULL, NULL),
(1472, 1472, 0, NULL, NULL),
(1473, 1473, 0, NULL, NULL),
(1474, 1474, 0, NULL, NULL),
(1475, 1475, 0, NULL, NULL),
(1476, 1476, 0, NULL, NULL),
(1477, 1477, 0, NULL, NULL),
(1478, 1478, 0, NULL, NULL),
(1479, 1479, 0, NULL, NULL),
(1480, 1480, 0, NULL, NULL),
(1481, 1481, 0, NULL, NULL),
(1482, 1482, 0, NULL, NULL),
(1483, 1483, 0, NULL, NULL),
(1484, 1484, 0, NULL, NULL),
(1485, 1485, 0, NULL, NULL),
(1486, 1486, 0, NULL, NULL),
(1487, 1487, 0, NULL, NULL),
(1488, 1488, 0, NULL, NULL),
(1489, 1489, 0, NULL, NULL),
(1490, 1490, 0, NULL, NULL),
(1491, 1491, 0, NULL, NULL),
(1492, 1492, 0, NULL, NULL),
(1493, 1493, 0, NULL, NULL),
(1494, 1494, 0, NULL, NULL),
(1495, 1495, 0, NULL, NULL),
(1496, 1496, 0, NULL, NULL),
(1497, 1497, 0, NULL, NULL),
(1498, 1498, 0, NULL, NULL),
(1499, 1499, 0, NULL, NULL),
(1500, 1500, 0, NULL, NULL),
(1501, 1501, 0, NULL, NULL),
(1502, 1502, 0, NULL, NULL),
(1503, 1503, 0, NULL, NULL),
(1504, 1504, 0, NULL, NULL),
(1505, 1505, 0, NULL, NULL),
(1506, 1506, 0, NULL, NULL),
(1507, 1507, 0, NULL, NULL),
(1508, 1508, 0, NULL, NULL),
(1509, 1509, 0, NULL, NULL),
(1510, 1510, 0, NULL, NULL),
(1511, 1511, 0, NULL, NULL),
(1512, 1512, 0, NULL, NULL),
(1513, 1513, 0, NULL, NULL),
(1514, 1514, 0, NULL, NULL),
(1515, 1515, 0, NULL, NULL),
(1516, 1516, 0, NULL, NULL),
(1517, 1517, 0, NULL, NULL),
(1518, 1518, 0, NULL, NULL),
(1519, 1519, 0, NULL, NULL),
(1520, 1520, 0, NULL, NULL),
(1521, 1521, 0, NULL, NULL),
(1522, 1522, 0, NULL, NULL),
(1523, 1523, 0, NULL, NULL),
(1524, 1524, 0, NULL, NULL),
(1525, 1525, 0, NULL, NULL),
(1526, 1526, 0, NULL, NULL),
(1527, 1527, 0, NULL, NULL),
(1528, 1528, 0, NULL, NULL),
(1529, 1529, 0, NULL, NULL),
(1530, 1530, 0, NULL, NULL),
(1531, 1531, 0, NULL, NULL),
(1532, 1532, 0, NULL, NULL),
(1533, 1533, 0, NULL, NULL),
(1534, 1534, 0, NULL, NULL),
(1535, 1535, 0, NULL, NULL),
(1536, 1536, 0, NULL, NULL),
(1537, 1537, 0, NULL, NULL),
(1538, 1538, 0, NULL, NULL),
(1539, 1539, 0, NULL, NULL),
(1540, 1540, 0, NULL, NULL),
(1541, 1541, 0, NULL, NULL),
(1542, 1542, 0, NULL, NULL),
(1543, 1543, 0, NULL, NULL),
(1544, 1544, 0, NULL, NULL),
(1545, 1545, 0, NULL, NULL),
(1546, 1546, 0, NULL, NULL),
(1547, 1547, 0, NULL, NULL),
(1548, 1548, 0, NULL, NULL),
(1549, 1549, 0, NULL, NULL),
(1550, 1550, 0, NULL, NULL),
(1551, 1551, 0, NULL, NULL),
(1552, 1552, 0, NULL, NULL),
(1553, 1553, 0, NULL, NULL),
(1554, 1554, 0, NULL, NULL),
(1555, 1555, 0, NULL, NULL),
(1556, 1556, 0, NULL, NULL),
(1557, 1557, 0, NULL, NULL),
(1558, 1558, 0, NULL, NULL),
(1559, 1559, 0, NULL, NULL),
(1560, 1560, 0, NULL, NULL),
(1561, 1561, 0, NULL, NULL),
(1562, 1562, 0, NULL, NULL),
(1563, 1563, 0, NULL, NULL),
(1564, 1564, 0, NULL, NULL),
(1565, 1565, 0, NULL, NULL),
(1566, 1566, 0, NULL, NULL),
(1567, 1567, 0, NULL, NULL),
(1568, 1568, 0, NULL, NULL),
(1569, 1569, 0, NULL, NULL),
(1570, 1570, 0, NULL, NULL),
(1571, 1571, 0, NULL, NULL),
(1572, 1572, 0, NULL, NULL),
(1573, 1573, 0, NULL, NULL),
(1574, 1574, 0, NULL, NULL),
(1575, 1575, 0, NULL, NULL),
(1576, 1576, 0, NULL, NULL),
(1577, 1577, 0, NULL, NULL),
(1578, 1578, 0, NULL, NULL),
(1579, 1579, 0, NULL, NULL),
(1580, 1580, 0, NULL, NULL),
(1581, 1581, 0, NULL, NULL),
(1582, 1582, 0, NULL, NULL),
(1583, 1583, 0, NULL, NULL),
(1584, 1584, 0, NULL, NULL),
(1585, 1585, 0, NULL, NULL),
(1586, 1586, 0, NULL, NULL),
(1587, 1587, 0, NULL, NULL),
(1588, 1588, 0, NULL, NULL),
(1589, 1589, 0, NULL, NULL),
(1590, 1590, 0, NULL, NULL),
(1591, 1591, 0, NULL, NULL),
(1592, 1592, 0, NULL, NULL),
(1593, 1593, 0, NULL, NULL),
(1594, 1594, 0, NULL, NULL),
(1595, 1595, 0, NULL, NULL),
(1596, 1596, 0, NULL, NULL),
(1597, 1597, 0, NULL, NULL),
(1598, 1598, 0, NULL, NULL),
(1599, 1599, 0, NULL, NULL),
(1600, 1600, 0, NULL, NULL),
(1601, 1601, 0, NULL, NULL),
(1602, 1602, 0, NULL, NULL),
(1603, 1603, 0, NULL, NULL),
(1604, 1604, 0, NULL, NULL),
(1605, 1605, 0, NULL, NULL),
(1606, 1606, 0, NULL, NULL),
(1607, 1607, 0, NULL, NULL),
(1608, 1608, 0, NULL, NULL),
(1609, 1609, 0, NULL, NULL),
(1610, 1610, 0, NULL, NULL),
(1611, 1611, 0, NULL, NULL),
(1612, 1612, 0, NULL, NULL),
(1613, 1613, 0, NULL, NULL),
(1614, 1614, 0, NULL, NULL),
(1615, 1615, 0, NULL, NULL),
(1616, 1616, 0, NULL, NULL),
(1617, 1617, 0, NULL, NULL),
(1618, 1618, 0, NULL, NULL),
(1619, 1619, 0, NULL, NULL),
(1620, 1620, 0, NULL, NULL),
(1621, 1621, 0, NULL, NULL),
(1622, 1622, 0, NULL, NULL),
(1623, 1623, 0, NULL, NULL),
(1624, 1624, 0, NULL, NULL),
(1625, 1625, 0, NULL, NULL),
(1626, 1626, 0, NULL, NULL),
(1627, 1627, 0, NULL, NULL),
(1628, 1628, 0, NULL, NULL),
(1629, 1629, 0, NULL, NULL),
(1630, 1630, 0, NULL, NULL),
(1631, 1631, 0, NULL, NULL),
(1632, 1632, 0, NULL, NULL),
(1633, 1633, 0, NULL, NULL),
(1634, 1634, 0, NULL, NULL),
(1635, 1635, 0, NULL, NULL),
(1636, 1636, 0, NULL, NULL),
(1637, 1637, 0, NULL, NULL),
(1638, 1638, 0, NULL, NULL),
(1639, 1639, 0, NULL, NULL),
(1640, 1640, 0, NULL, NULL),
(1641, 1641, 0, NULL, NULL),
(1642, 1642, 0, NULL, NULL),
(1643, 1643, 0, NULL, NULL),
(1644, 1644, 0, NULL, NULL),
(1645, 1645, 0, NULL, NULL),
(1646, 1646, 0, NULL, NULL),
(1647, 1647, 0, NULL, NULL),
(1648, 1648, 0, NULL, NULL),
(1649, 1649, 0, NULL, NULL),
(1650, 1650, 0, NULL, NULL),
(1651, 1651, 0, NULL, NULL),
(1652, 1652, 0, NULL, NULL),
(1653, 1653, 0, NULL, NULL),
(1654, 1654, 0, NULL, NULL),
(1655, 1655, 0, NULL, NULL),
(1656, 1656, 0, NULL, NULL),
(1657, 1657, 0, NULL, NULL),
(1658, 1658, 0, NULL, NULL),
(1659, 1659, 0, NULL, NULL),
(1660, 1660, 0, NULL, NULL),
(1661, 1661, 0, NULL, NULL),
(1662, 1662, 0, NULL, NULL),
(1663, 1663, 0, NULL, NULL),
(1664, 1664, 0, NULL, NULL),
(1665, 1665, 0, NULL, NULL),
(1666, 1666, 0, NULL, NULL),
(1667, 1667, 0, NULL, NULL),
(1668, 1668, 0, NULL, NULL),
(1669, 1669, 0, NULL, NULL),
(1670, 1670, 0, NULL, NULL),
(1671, 1671, 0, NULL, NULL),
(1672, 1672, 0, NULL, NULL),
(1673, 1673, 0, NULL, NULL),
(1674, 1674, 0, NULL, NULL),
(1675, 1675, 0, NULL, NULL),
(1676, 1676, 0, NULL, NULL),
(1677, 1677, 0, NULL, NULL),
(1678, 1678, 0, NULL, NULL),
(1679, 1679, 0, NULL, NULL),
(1680, 1680, 0, NULL, NULL),
(1681, 1681, 0, NULL, NULL),
(1682, 1682, 0, NULL, NULL),
(1683, 1683, 0, NULL, NULL),
(1684, 1684, 0, NULL, NULL),
(1685, 1685, 0, NULL, NULL),
(1686, 1686, 0, NULL, NULL),
(1687, 1687, 0, NULL, NULL),
(1688, 1688, 0, NULL, NULL),
(1689, 1689, 0, NULL, NULL),
(1690, 1690, 0, NULL, NULL),
(1691, 1691, 0, NULL, NULL),
(1692, 1692, 0, NULL, NULL),
(1693, 1693, 0, NULL, NULL),
(1694, 1694, 0, NULL, NULL),
(1695, 1695, 0, NULL, NULL),
(1696, 1696, 0, NULL, NULL),
(1697, 1697, 0, NULL, NULL),
(1698, 1698, 0, NULL, NULL),
(1699, 1699, 0, NULL, NULL),
(1700, 1700, 0, NULL, NULL),
(1701, 1701, 0, NULL, NULL),
(1702, 1702, 0, NULL, NULL),
(1703, 1703, 0, NULL, NULL),
(1704, 1704, 0, NULL, NULL),
(1705, 1705, 0, NULL, NULL),
(1706, 1706, 0, NULL, NULL),
(1707, 1707, 0, NULL, NULL),
(1708, 1708, 0, NULL, NULL),
(1709, 1709, 0, NULL, NULL),
(1710, 1710, 0, NULL, NULL),
(1711, 1711, 0, NULL, NULL),
(1712, 1712, 0, NULL, NULL),
(1713, 1713, 0, NULL, NULL),
(1714, 1714, 0, NULL, NULL),
(1715, 1715, 0, NULL, NULL),
(1716, 1716, 0, NULL, NULL),
(1717, 1717, 0, NULL, NULL),
(1718, 1718, 0, NULL, NULL),
(1719, 1719, 0, NULL, NULL),
(1720, 1720, 0, NULL, NULL),
(1721, 1721, 0, NULL, NULL),
(1722, 1722, 0, NULL, NULL),
(1723, 1723, 0, NULL, NULL),
(1724, 1724, 0, NULL, NULL),
(1725, 1725, 0, NULL, NULL),
(1726, 1726, 0, NULL, NULL),
(1727, 1727, 0, NULL, NULL),
(1728, 1728, 0, NULL, NULL),
(1729, 1729, 0, NULL, NULL),
(1730, 1730, 0, NULL, NULL),
(1731, 1731, 0, NULL, NULL),
(1732, 1732, 0, NULL, NULL),
(1733, 1733, 0, NULL, NULL),
(1734, 1734, 0, NULL, NULL),
(1735, 1735, 0, NULL, NULL),
(1736, 1736, 0, NULL, NULL),
(1737, 1737, 0, NULL, NULL),
(1738, 1738, 0, NULL, NULL),
(1739, 1739, 0, NULL, NULL),
(1740, 1740, 0, NULL, NULL),
(1741, 1741, 0, NULL, NULL),
(1742, 1742, 0, NULL, NULL),
(1743, 1743, 0, NULL, NULL),
(1744, 1744, 0, NULL, NULL),
(1745, 1745, 0, NULL, NULL),
(1746, 1746, 0, NULL, NULL),
(1747, 1747, 0, NULL, NULL),
(1748, 1748, 0, NULL, NULL),
(1749, 1749, 0, NULL, NULL),
(1750, 1750, 0, NULL, NULL),
(1751, 1751, 0, NULL, NULL),
(1752, 1752, 0, NULL, NULL),
(1753, 1753, 0, NULL, NULL),
(1754, 1754, 0, NULL, NULL),
(1755, 1755, 0, NULL, NULL),
(1756, 1756, 0, NULL, NULL),
(1757, 1757, 0, NULL, NULL),
(1758, 1758, 0, NULL, NULL),
(1759, 1759, 0, NULL, NULL),
(1760, 1760, 0, NULL, NULL),
(1761, 1761, 0, NULL, NULL),
(1762, 1762, 0, NULL, NULL),
(1763, 1763, 0, NULL, NULL),
(1764, 1764, 0, NULL, NULL),
(1765, 1765, 0, NULL, NULL),
(1766, 1766, 0, NULL, NULL),
(1767, 1767, 0, NULL, NULL),
(1768, 1768, 0, NULL, NULL),
(1769, 1769, 0, NULL, NULL),
(1770, 1770, 0, NULL, NULL),
(1771, 1771, 0, NULL, NULL),
(1772, 1772, 0, NULL, NULL),
(1773, 1773, 0, NULL, NULL),
(1774, 1774, 0, NULL, NULL),
(1775, 1775, 0, NULL, NULL),
(1776, 1776, 0, NULL, NULL),
(1777, 1777, 0, NULL, NULL),
(1778, 1778, 0, NULL, NULL),
(1779, 1779, 0, NULL, NULL),
(1780, 1780, 0, NULL, NULL),
(1781, 1781, 0, NULL, NULL),
(1782, 1782, 0, NULL, NULL),
(1783, 1783, 0, NULL, NULL),
(1784, 1784, 0, NULL, NULL),
(1785, 1785, 0, NULL, NULL),
(1786, 1786, 0, NULL, NULL),
(1787, 1787, 0, NULL, NULL),
(1788, 1788, 0, NULL, NULL),
(1789, 1789, 0, NULL, NULL),
(1790, 1790, 0, NULL, NULL),
(1791, 1791, 0, NULL, NULL),
(1792, 1792, 0, NULL, NULL),
(1793, 1793, 0, NULL, NULL),
(1794, 1794, 0, NULL, NULL),
(1795, 1795, 0, NULL, NULL),
(1796, 1796, 0, NULL, NULL),
(1797, 1797, 0, NULL, NULL),
(1798, 1798, 0, NULL, NULL),
(1799, 1799, 0, NULL, NULL),
(1800, 1800, 0, NULL, NULL),
(1801, 1801, 0, NULL, NULL),
(1802, 1802, 0, NULL, NULL),
(1803, 1803, 0, NULL, NULL),
(1804, 1804, 0, NULL, NULL),
(1805, 1805, 0, NULL, NULL),
(1806, 1806, 0, NULL, NULL),
(1807, 1807, 0, NULL, NULL),
(1808, 1808, 0, NULL, NULL),
(1809, 1809, 0, NULL, NULL),
(1810, 1810, 0, NULL, NULL),
(1811, 1811, 0, NULL, NULL),
(1812, 1812, 0, NULL, NULL),
(1813, 1813, 0, NULL, NULL),
(1814, 1814, 0, NULL, NULL),
(1815, 1815, 0, NULL, NULL),
(1816, 1816, 0, NULL, NULL),
(1817, 1817, 0, NULL, NULL),
(1818, 1818, 0, NULL, NULL),
(1819, 1819, 0, NULL, NULL),
(1820, 1820, 0, NULL, NULL),
(1821, 1821, 0, NULL, NULL),
(1822, 1822, 0, NULL, NULL),
(1823, 1823, 0, NULL, NULL),
(1824, 1824, 0, NULL, NULL),
(1825, 1825, 0, NULL, NULL),
(1826, 1826, 0, NULL, NULL),
(1827, 1827, 0, NULL, NULL),
(1828, 1828, 0, NULL, NULL),
(1829, 1829, 0, NULL, NULL),
(1830, 1830, 0, NULL, NULL),
(1831, 1831, 0, NULL, NULL),
(1832, 1832, 0, NULL, NULL),
(1833, 1833, 0, NULL, NULL),
(1834, 1834, 0, NULL, NULL),
(1835, 1835, 0, NULL, NULL),
(1836, 1836, 0, NULL, NULL),
(1837, 1837, 0, NULL, NULL),
(1838, 1838, 0, NULL, NULL),
(1839, 1839, 0, NULL, NULL),
(1840, 1840, 0, NULL, NULL),
(1841, 1841, 0, NULL, NULL),
(1842, 1842, 0, NULL, NULL),
(1843, 1843, 0, NULL, NULL),
(1844, 1844, 0, NULL, NULL),
(1845, 1845, 0, NULL, NULL),
(1846, 1846, 0, NULL, NULL),
(1847, 1847, 0, NULL, NULL),
(1848, 1848, 0, NULL, NULL),
(1849, 1849, 0, NULL, NULL),
(1850, 1850, 0, NULL, NULL),
(1851, 1851, 0, NULL, NULL),
(1852, 1852, 0, NULL, NULL),
(1853, 1853, 0, NULL, NULL),
(1854, 1854, 0, NULL, NULL),
(1855, 1855, 0, NULL, NULL),
(1856, 1856, 0, NULL, NULL),
(1857, 1857, 0, NULL, NULL),
(1858, 1858, 0, NULL, NULL),
(1859, 1859, 0, NULL, NULL),
(1860, 1860, 0, NULL, NULL),
(1861, 1861, 0, NULL, NULL),
(1862, 1862, 0, NULL, NULL),
(1863, 1863, 0, NULL, NULL),
(1864, 1864, 0, NULL, NULL),
(1865, 1865, 0, NULL, NULL),
(1866, 1866, 0, NULL, NULL),
(1867, 1867, 0, NULL, NULL),
(1868, 1868, 0, NULL, NULL),
(1869, 1869, 0, NULL, NULL),
(1870, 1870, 0, NULL, NULL),
(1871, 1871, 0, NULL, NULL),
(1872, 1872, 0, NULL, NULL),
(1873, 1873, 0, NULL, NULL),
(1874, 1874, 0, NULL, NULL),
(1875, 1875, 0, NULL, NULL),
(1876, 1876, 0, NULL, NULL),
(1877, 1877, 0, NULL, NULL),
(1878, 1878, 0, NULL, NULL),
(1879, 1879, 0, NULL, NULL),
(1880, 1880, 0, NULL, NULL),
(1881, 1881, 0, NULL, NULL),
(1882, 1882, 0, NULL, NULL),
(1883, 1883, 0, NULL, NULL),
(1884, 1884, 0, NULL, NULL),
(1885, 1885, 0, NULL, NULL),
(1886, 1886, 0, NULL, NULL),
(1887, 1887, 0, NULL, NULL),
(1888, 1888, 0, NULL, NULL),
(1889, 1889, 0, NULL, NULL),
(1890, 1890, 0, NULL, NULL),
(1891, 1891, 0, NULL, NULL),
(1892, 1892, 0, NULL, NULL),
(1893, 1893, 0, NULL, NULL),
(1894, 1894, 0, NULL, NULL),
(1895, 1895, 0, NULL, NULL),
(1896, 1896, 0, NULL, NULL),
(1897, 1897, 0, NULL, NULL),
(1898, 1898, 0, NULL, NULL),
(1899, 1899, 0, NULL, NULL),
(1900, 1900, 0, NULL, NULL),
(1901, 1901, 0, NULL, NULL),
(1902, 1902, 0, NULL, NULL),
(1903, 1903, 0, NULL, NULL),
(1904, 1904, 0, NULL, NULL),
(1905, 1905, 0, NULL, NULL),
(1906, 1906, 0, NULL, NULL),
(1907, 1907, 0, NULL, NULL),
(1908, 1908, 0, NULL, NULL),
(1909, 1909, 0, NULL, NULL),
(1910, 1910, 0, NULL, NULL),
(1911, 1911, 0, NULL, NULL),
(1912, 1912, 0, NULL, NULL),
(1913, 1913, 0, NULL, NULL),
(1914, 1914, 0, NULL, NULL),
(1915, 1915, 0, NULL, NULL),
(1916, 1916, 0, NULL, NULL),
(1917, 1917, 0, NULL, NULL),
(1918, 1918, 0, NULL, NULL),
(1919, 1919, 0, NULL, NULL),
(1920, 1920, 0, NULL, NULL),
(1921, 1921, 0, NULL, NULL),
(1922, 1922, 0, NULL, NULL),
(1923, 1923, 0, NULL, NULL),
(1924, 1924, 0, NULL, NULL),
(1925, 1925, 0, NULL, NULL),
(1926, 1926, 0, NULL, NULL),
(1927, 1927, 0, NULL, NULL),
(1928, 1928, 0, NULL, NULL);
INSERT INTO `tricycle_cin_numbers` (`tricycle_cin_number_id`, `cin_number`, `is_used`, `user_id`, `ownership_date`) VALUES
(1929, 1929, 0, NULL, NULL),
(1930, 1930, 0, NULL, NULL),
(1931, 1931, 0, NULL, NULL),
(1932, 1932, 0, NULL, NULL),
(1933, 1933, 0, NULL, NULL),
(1934, 1934, 0, NULL, NULL),
(1935, 1935, 0, NULL, NULL),
(1936, 1936, 0, NULL, NULL),
(1937, 1937, 0, NULL, NULL),
(1938, 1938, 0, NULL, NULL),
(1939, 1939, 0, NULL, NULL),
(1940, 1940, 0, NULL, NULL),
(1941, 1941, 0, NULL, NULL),
(1942, 1942, 0, NULL, NULL),
(1943, 1943, 0, NULL, NULL),
(1944, 1944, 0, NULL, NULL),
(1945, 1945, 0, NULL, NULL),
(1946, 1946, 0, NULL, NULL),
(1947, 1947, 0, NULL, NULL),
(1948, 1948, 0, NULL, NULL),
(1949, 1949, 0, NULL, NULL),
(1950, 1950, 0, NULL, NULL),
(1951, 1951, 0, NULL, NULL),
(1952, 1952, 0, NULL, NULL),
(1953, 1953, 0, NULL, NULL),
(1954, 1954, 0, NULL, NULL),
(1955, 1955, 0, NULL, NULL),
(1956, 1956, 0, NULL, NULL),
(1957, 1957, 0, NULL, NULL),
(1958, 1958, 0, NULL, NULL),
(1959, 1959, 0, NULL, NULL),
(1960, 1960, 0, NULL, NULL),
(1961, 1961, 0, NULL, NULL),
(1962, 1962, 0, NULL, NULL),
(1963, 1963, 0, NULL, NULL),
(1964, 1964, 0, NULL, NULL),
(1965, 1965, 0, NULL, NULL),
(1966, 1966, 0, NULL, NULL),
(1967, 1967, 0, NULL, NULL),
(1968, 1968, 0, NULL, NULL),
(1969, 1969, 0, NULL, NULL),
(1970, 1970, 0, NULL, NULL),
(1971, 1971, 0, NULL, NULL),
(1972, 1972, 0, NULL, NULL),
(1973, 1973, 0, NULL, NULL),
(1974, 1974, 0, NULL, NULL),
(1975, 1975, 0, NULL, NULL),
(1976, 1976, 0, NULL, NULL),
(1977, 1977, 0, NULL, NULL),
(1978, 1978, 0, NULL, NULL),
(1979, 1979, 0, NULL, NULL),
(1980, 1980, 0, NULL, NULL),
(1981, 1981, 0, NULL, NULL),
(1982, 1982, 0, NULL, NULL),
(1983, 1983, 0, NULL, NULL),
(1984, 1984, 0, NULL, NULL),
(1985, 1985, 0, NULL, NULL),
(1986, 1986, 0, NULL, NULL),
(1987, 1987, 0, NULL, NULL),
(1988, 1988, 0, NULL, NULL),
(1989, 1989, 0, NULL, NULL),
(1990, 1990, 0, NULL, NULL),
(1991, 1991, 0, NULL, NULL),
(1992, 1992, 0, NULL, NULL),
(1993, 1993, 0, NULL, NULL),
(1994, 1994, 0, NULL, NULL),
(1995, 1995, 0, NULL, NULL),
(1996, 1996, 0, NULL, NULL),
(1997, 1997, 0, NULL, NULL),
(1998, 1998, 0, NULL, NULL),
(1999, 1999, 0, NULL, NULL),
(2000, 2000, 0, NULL, NULL),
(2001, 2001, 0, NULL, NULL),
(2002, 2002, 0, NULL, NULL),
(2003, 2003, 0, NULL, NULL),
(2004, 2004, 0, NULL, NULL),
(2005, 2005, 0, NULL, NULL);

-- --------------------------------------------------------

--
-- Table structure for table `tricycle_statuses`
--

CREATE TABLE `tricycle_statuses` (
  `id` int(11) NOT NULL,
  `tricycle_id` int(11) DEFAULT NULL,
  `status` varchar(255) DEFAULT NULL,
  `user_id` int(11) DEFAULT NULL,
  `created_at` timestamp NOT NULL DEFAULT current_timestamp()
) ENGINE=InnoDB DEFAULT CHARSET=utf8mb4 COLLATE=utf8mb4_general_ci;

--
-- Dumping data for table `tricycle_statuses`
--

INSERT INTO `tricycle_statuses` (`id`, `tricycle_id`, `status`, `user_id`, `created_at`) VALUES
(28, 3, 'Active', 2, '2024-01-16 17:47:16'),
(131, 1, 'Dropped', 2, '2024-01-29 15:39:05'),
(132, 8, 'Active', 18, '2024-01-30 06:36:46'),
(138, 2, 'Active', 2, '2024-01-30 18:33:42');

-- --------------------------------------------------------

--
-- Table structure for table `users`
--

CREATE TABLE `users` (
  `user_id` int(11) NOT NULL,
  `first_name` varchar(50) DEFAULT NULL,
  `last_name` varchar(50) DEFAULT NULL,
  `phone_number` varchar(15) DEFAULT NULL,
  `email` varchar(100) DEFAULT NULL,
  `address` varchar(255) DEFAULT NULL,
  `password` varchar(255) DEFAULT NULL,
  `role` enum('admin','operator','personnel') DEFAULT 'operator',
  `permissions` text DEFAULT NULL,
  `uploaded_profile_photo_path` varchar(255) DEFAULT NULL,
  `generated_profile_photo_path` varchar(255) DEFAULT NULL,
  `verification_token` varchar(16) NOT NULL,
  `token_expiration` timestamp NULL DEFAULT NULL,
  `verification_status` varchar(15) NOT NULL DEFAULT 'not_verified' COMMENT 'Verification status: verified or not_verified',
  `phone_verification_code` varchar(10) DEFAULT NULL,
  `phone_number_status` varchar(20) DEFAULT 'Not Verified',
  `date_created` timestamp NOT NULL DEFAULT current_timestamp()
) ENGINE=InnoDB DEFAULT CHARSET=utf8mb4 COLLATE=utf8mb4_general_ci;

--
-- Dumping data for table `users`
--

INSERT INTO `users` (`user_id`, `first_name`, `last_name`, `phone_number`, `email`, `address`, `password`, `role`, `permissions`, `uploaded_profile_photo_path`, `generated_profile_photo_path`, `verification_token`, `token_expiration`, `verification_status`, `phone_verification_code`, `phone_number_status`, `date_created`) VALUES
(1, 'Personnel', 'User', '+639123223433', 'admin@gmail.com', 'Barangay Tambulilid, Block 3 Rafi Lot 27', '$2y$10$Kx3YxBUd15.gboYaUMZw7eUsHoDtiku7/yEFi8sRxaNmqZhBCi9v.', 'personnel', 'Can approve appointments, Can decline appointments, Can view taripas, Can generate taripa, Can view and update tricycle statuses, Can create and edit users', 'public/profile_photos/uploaded_profile/8b5b99ad3a3213ec935dcec0c4ef9382_1708662098.jpeg', 'public/profile_photos/generated_profile/656d4abc5ee02.png', '9423a0c3c404be23', '2023-12-14 02:33:21', 'verified', '699540', 'Verified', '2023-12-04 03:42:52'),
(2, 'Anna Rose', 'Operator', '+639946877490', 'annalimpangog@gmail.com', 'Barangay Tambulilid, Block 3 Rafi Lot 27', '$2y$10$dsuK1btkKwpUVBQFeHfHGueHwJFDgb5CMGBbXT7N/KzGfnhwulm3a', 'operator', '', NULL, 'public/profile_photos/generated_profile/6662b0d6a5801.png', 'f807873487d20fa5', '2024-02-25 02:00:40', 'verified', NULL, 'Verified', '2023-12-04 03:46:10'),
(18, 'Shaina', 'Mendoza', '+639631197271', 'shainamendoza0714@gmail.com', 'Barangay Alegria Village, Ormoc City', '$2y$10$5xvhGGKnmesaozCrQM.aN.BIrY.MjuUiPctTNUQ7.BcmJbpDAW6Bq', 'operator', NULL, NULL, 'public/profile_photos/generated_profile/657d36ff88079.png', 'ddf1eafd0c6bf499', '2024-01-31 06:03:41', 'verified', '840815', 'Verified', '2024-01-30 06:03:41'),
(25, 'John', 'Doe', '+639123654987', 'guest@gmail.com', 'Ormoc', '$2y$10$YsW/Qh0FTRZfUtixzTwdhOiN7Ur5f9mxxm1D1URVSoQshEd3NwbIu', 'operator', '', 'public/profile_photos/uploaded_profile/3dae9cc3f548d4e01b71341632538dea_1717420736.jpeg', 'public/profile_photos/generated_profile/65d9766fdf8cf.png', 'fa3e1ba38c44b817', '2024-02-25 19:54:24', 'verified', NULL, 'Verified', '2024-02-24 04:54:07'),
(26, 'Super', 'Admin', '+639867564754', 'superadmin@gmail.com', 'Tambulilid, Ormoc City', '$2y$10$YTzvwrcGp0GvsLwMyC3b7euy2aTqhpfsSzGTGUrSIJLKI03LrCR02', 'admin', 'Can approve appointments, Can decline appointments, Can on process appointments, Can completed appointments, Can view appointments reports, Can view tricycles reports, Can view cin reports, Can view taripas, Can generate taripa, Can view and update tricycle statuses, Can view list of tricycles, Can update tricycle status, Can create and edit users, Can view list of operators, Can view maintenance tracker, Can manage CIN (Increase or Decrease), Can view and respond to inquiries', NULL, 'public/profile_photos/generated_profile/6650030c97062.png', '76bd67c100f94be1', '2024-03-21 04:47:29', 'verified', NULL, 'Verified', '2024-03-20 04:47:29'),
(39, 'Test', 'Test', '+639352652154', 'test@gmail.com', 'Test, Ormoc City', '$2y$10$NfomrQmrFvrDU6TJFPRJh.qoEZ7kqlRjnVyr1fl6B3.BaSYxdqz0a', 'personnel', 'Can view taripa', NULL, 'public/profile_photos/generated_profile/65fd23979784b.png', '', NULL, 'verified', NULL, 'Verified', '2024-03-22 06:22:15'),
(41, 'Asd', 'Asd', '+639326523256', 'asd@gmail.com', 'Asd', '$2y$10$xEaaD527QO4PS1aAlnKNgOfaBrN/XllT2GS9cAr5p4sW2t2v1LkJK', 'admin', 'Can approve appointment, Can decline appointments, Can on process appointment, Can completed appointment, Can view appointments reports, Can view tricycles report, Can view cin report, Can view taripa, Can generate taripa, Can view inquiries and read message, Can respond to inquiries, Can view and update tricycle statuses, Can create and edit users, Can view list of operators, Can view maintenance tracker', NULL, 'public/profile_photos/generated_profile/6650030c97062.png', '', NULL, 'verified', NULL, 'Verified', '2024-03-23 03:28:51'),
(42, 'Hannah', 'Baker', '+639631197271', 'hannah_baker@gmail.com', 'Barangay Alegria Village, Ormoc City', '$2y$10$Rl7uaKL48cnfuJl4cLnYzuBfufThRcN3iYaufyzz1HI81C0XEqSi6', 'personnel', 'Can approve appointments, Can decline appointments, Can view and respond to inquiries, Can view maintenance tracker, Can manage CIN (Increase or Decrease)', NULL, 'public/profile_photos/generated_profile/664fe8fe7ddd0.png', '', NULL, 'verified', NULL, 'Verified', '2024-05-24 01:10:22'),
(50, 'Dany', 'Lim', '+639986785681', 'danylimpangog@gmail.com', 'Alegria, Ormoc City', '$2y$10$uHvFJA7h7POIWGcHxfEUeub4KS.9aYIBUS2hfNATXK0To5jH74gGq', 'operator', NULL, NULL, 'public/profile_photos/generated_profile/66500152675e2.png', '63ad457ff8240985', '2024-05-25 02:54:10', 'verified', NULL, 'Not Verified', '2024-05-24 02:54:10'),
(51, 'Peter', 'Palompon', '+639123652132', 'peter@gmail.com', 'Alegria, Ormoc City', '$2y$10$U2Toe18WCq0nDDb8ynDtGeIp4kDyqb4zFnsEiOlM0StJnMghvaBVe', 'personnel', 'Can approve appointments, Can decline appointments, Can on process appointments, Can completed appointments, Can view and respond to inquiries, Can manage CIN (Increase or Decrease)', NULL, 'public/profile_photos/generated_profile/6650030c97062.png', '', NULL, 'verified', NULL, 'Verified', '2024-05-24 03:01:32'),
(52, 'Marvin', 'Villar', '+639123456789', 'marvin@gmail.com', 'LA, California, USA', '$2y$10$PzNaE9LPBeeVxrwVFPDIRePDFLjA0NjCI9A4os4k7Zom4GsPYoihy', 'personnel', 'Can approve appointments, Can decline appointments, Can on process appointments, Can completed appointments, Can view taripas, Can generate taripa, Can view and respond to inquiries', NULL, 'public/profile_photos/generated_profile/6662ce4843188.png', '', NULL, 'verified', NULL, 'Verified', '2024-06-07 09:09:28');

--
-- Indexes for dumped tables
--

--
-- Indexes for table `appointments`
--
ALTER TABLE `appointments`
  ADD PRIMARY KEY (`appointment_id`);

--
-- Indexes for table `drivers`
--
ALTER TABLE `drivers`
  ADD PRIMARY KEY (`driver_id`);

--
-- Indexes for table `driver_statuses`
--
ALTER TABLE `driver_statuses`
  ADD PRIMARY KEY (`driver_statuses_id`),
  ADD KEY `driver_id` (`driver_id`);

--
-- Indexes for table `inquiry`
--
ALTER TABLE `inquiry`
  ADD PRIMARY KEY (`id`);

--
-- Indexes for table `maintenance_logs`
--
ALTER TABLE `maintenance_logs`
  ADD PRIMARY KEY (`maintenance_log_id`);

--
-- Indexes for table `mtop_requirements`
--
ALTER TABLE `mtop_requirements`
  ADD PRIMARY KEY (`mtop_requirement_id`);

--
-- Indexes for table `password_resets`
--
ALTER TABLE `password_resets`
  ADD PRIMARY KEY (`password_reset_id`);

--
-- Indexes for table `rate_adjustments`
--
ALTER TABLE `rate_adjustments`
  ADD PRIMARY KEY (`rate_adjustment_id`);

--
-- Indexes for table `taripa`
--
ALTER TABLE `taripa`
  ADD PRIMARY KEY (`taripa_id`);

--
-- Indexes for table `tricycles`
--
ALTER TABLE `tricycles`
  ADD PRIMARY KEY (`tricycle_id`),
  ADD KEY `tricycle_application_id` (`tricycle_application_id`);

--
-- Indexes for table `tricycle_applications`
--
ALTER TABLE `tricycle_applications`
  ADD PRIMARY KEY (`tricycle_application_id`);

--
-- Indexes for table `tricycle_cin_numbers`
--
ALTER TABLE `tricycle_cin_numbers`
  ADD PRIMARY KEY (`tricycle_cin_number_id`);

--
-- Indexes for table `tricycle_statuses`
--
ALTER TABLE `tricycle_statuses`
  ADD PRIMARY KEY (`id`),
  ADD KEY `tricycle_id` (`tricycle_id`);

--
-- Indexes for table `users`
--
ALTER TABLE `users`
  ADD PRIMARY KEY (`user_id`);

--
-- AUTO_INCREMENT for dumped tables
--

--
-- AUTO_INCREMENT for table `appointments`
--
ALTER TABLE `appointments`
  MODIFY `appointment_id` int(11) NOT NULL AUTO_INCREMENT, AUTO_INCREMENT=40;

--
-- AUTO_INCREMENT for table `drivers`
--
ALTER TABLE `drivers`
  MODIFY `driver_id` int(11) NOT NULL AUTO_INCREMENT, AUTO_INCREMENT=16;

--
-- AUTO_INCREMENT for table `driver_statuses`
--
ALTER TABLE `driver_statuses`
  MODIFY `driver_statuses_id` int(11) NOT NULL AUTO_INCREMENT, AUTO_INCREMENT=48;

--
-- AUTO_INCREMENT for table `inquiry`
--
ALTER TABLE `inquiry`
  MODIFY `id` int(11) NOT NULL AUTO_INCREMENT, AUTO_INCREMENT=4;

--
-- AUTO_INCREMENT for table `maintenance_logs`
--
ALTER TABLE `maintenance_logs`
  MODIFY `maintenance_log_id` int(11) NOT NULL AUTO_INCREMENT, AUTO_INCREMENT=15;

--
-- AUTO_INCREMENT for table `mtop_requirements`
--
ALTER TABLE `mtop_requirements`
  MODIFY `mtop_requirement_id` int(11) NOT NULL AUTO_INCREMENT, AUTO_INCREMENT=44;

--
-- AUTO_INCREMENT for table `password_resets`
--
ALTER TABLE `password_resets`
  MODIFY `password_reset_id` int(11) NOT NULL AUTO_INCREMENT, AUTO_INCREMENT=4;

--
-- AUTO_INCREMENT for table `rate_adjustments`
--
ALTER TABLE `rate_adjustments`
  MODIFY `rate_adjustment_id` int(11) NOT NULL AUTO_INCREMENT, AUTO_INCREMENT=3;

--
-- AUTO_INCREMENT for table `taripa`
--
ALTER TABLE `taripa`
  MODIFY `taripa_id` int(11) NOT NULL AUTO_INCREMENT, AUTO_INCREMENT=64;

--
-- AUTO_INCREMENT for table `tricycles`
--
ALTER TABLE `tricycles`
  MODIFY `tricycle_id` int(11) NOT NULL AUTO_INCREMENT, AUTO_INCREMENT=15;

--
-- AUTO_INCREMENT for table `tricycle_applications`
--
ALTER TABLE `tricycle_applications`
  MODIFY `tricycle_application_id` int(11) NOT NULL AUTO_INCREMENT, AUTO_INCREMENT=51;

--
-- AUTO_INCREMENT for table `tricycle_cin_numbers`
--
ALTER TABLE `tricycle_cin_numbers`
  MODIFY `tricycle_cin_number_id` int(11) NOT NULL AUTO_INCREMENT, AUTO_INCREMENT=2006;

--
-- AUTO_INCREMENT for table `tricycle_statuses`
--
ALTER TABLE `tricycle_statuses`
  MODIFY `id` int(11) NOT NULL AUTO_INCREMENT, AUTO_INCREMENT=164;

--
-- AUTO_INCREMENT for table `users`
--
ALTER TABLE `users`
  MODIFY `user_id` int(11) NOT NULL AUTO_INCREMENT, AUTO_INCREMENT=53;

--
-- Constraints for dumped tables
--

--
-- Constraints for table `driver_statuses`
--
ALTER TABLE `driver_statuses`
  ADD CONSTRAINT `driver_statuses_ibfk_1` FOREIGN KEY (`driver_id`) REFERENCES `drivers` (`driver_id`);

--
-- Constraints for table `tricycles`
--
ALTER TABLE `tricycles`
  ADD CONSTRAINT `tricycles_ibfk_1` FOREIGN KEY (`tricycle_application_id`) REFERENCES `tricycle_applications` (`tricycle_application_id`);

--
-- Constraints for table `tricycle_statuses`
--
ALTER TABLE `tricycle_statuses`
  ADD CONSTRAINT `tricycle_statuses_ibfk_1` FOREIGN KEY (`tricycle_id`) REFERENCES `tricycles` (`tricycle_id`);
COMMIT;

/*!40101 SET CHARACTER_SET_CLIENT=@OLD_CHARACTER_SET_CLIENT */;
/*!40101 SET CHARACTER_SET_RESULTS=@OLD_CHARACTER_SET_RESULTS */;
/*!40101 SET COLLATION_CONNECTION=@OLD_COLLATION_CONNECTION */;
